Timestamp,Voltage_R_Phase_V,Voltage_Y_Phase_V,Voltage_B_Phase_V,Current_R_Phase_A,Current_Y_Phase_A,Current_B_Phase_A,Temperature_C,Vibration_X_mm_s,Vibration_Y_mm_s,Vibration_Z_mm_s,Motor_Status
2025-01-01 00:00:00,402.48,407.0,396.62,18.09,19.14,19.58,52.77,2.89,2.48,2.23,Normal
2025-01-01 00:01:00,399.31,404.62,399.28,19.18,20.01,19.58,53.75,1.61,2.25,2.32,Normal
2025-01-01 00:02:00,403.24,400.3,396.04,19.66,20.09,18.28,53.14,2.86,2.41,2.15,Normal
2025-01-01 00:03:00,407.62,396.77,398.46,22.0,20.59,19.78,53.93,2.38,2.86,1.42,Normal
2025-01-01 00:04:00,398.83,403.49,390.53,20.71,18.78,20.88,54.61,2.85,3.14,1.95,Normal
2025-01-01 00:05:00,398.83,401.97,401.07,18.85,20.78,18.91,56.72,2.89,2.79,1.65,Normal
2025-01-01 00:06:00,407.9,404.48,400.01,20.71,17.52,21.27,54.42,3.3,2.55,1.94,Normal
2025-01-01 00:07:00,403.84,403.18,395.91,18.72,19.63,20.75,51.9,3.18,3.25,2.29,Normal
2025-01-01 00:08:00,397.65,405.25,403.3,21.38,19.81,19.57,57.36,3.17,2.34,2.09,Normal
2025-01-01 00:09:00,402.71,397.32,404.69,19.87,20.97,20.2,53.42,3.22,3.02,2.34,Normal
2025-01-01 00:10:00,397.68,406.59,391.96,20.28,20.4,21.97,54.98,2.65,2.36,2.1,Normal
2025-01-01 00:11:00,397.67,400.99,396.19,21.74,19.01,21.15,56.0,2.52,2.72,1.61,Normal
2025-01-01 00:12:00,401.21,410.38,396.15,19.16,19.47,20.46,55.52,2.94,2.44,1.24,Normal
2025-01-01 00:13:00,390.43,396.55,395.3,19.09,20.69,20.25,57.32,2.87,2.47,2.04,Normal
2025-01-01 00:14:00,391.38,408.68,404.15,19.94,20.45,20.6,56.1,2.35,2.31,1.94,Normal
2025-01-01 00:15:00,397.19,400.99,399.03,21.6,19.98,20.05,53.43,2.7,3.17,1.71,Normal
2025-01-01 00:16:00,394.94,396.74,398.68,19.08,20.12,18.49,59.52,2.48,2.13,1.49,Normal
2025-01-01 00:17:00,401.57,397.58,389.98,17.8,21.33,22.68,55.56,2.07,2.13,1.78,Normal
2025-01-01 00:18:00,395.46,398.4,403.18,20.22,20.16,20.83,54.89,3.15,3.56,1.94,Normal
2025-01-01 00:19:00,392.94,402.12,393.8,21.26,20.62,21.11,57.12,2.53,2.99,2.2,Normal
2025-01-01 00:20:00,407.33,402.61,400.3,21.95,22.92,20.69,55.7,3.52,1.31,2.06,Warning
2025-01-01 00:21:00,398.87,397.13,401.39,20.32,19.36,20.05,56.01,1.69,2.22,2.48,Normal
2025-01-01 00:22:00,400.34,399.88,406.8,20.41,18.97,20.63,60.2,2.22,1.59,1.69,Normal
2025-01-01 00:23:00,392.88,410.71,393.46,22.01,21.64,19.26,54.68,2.52,2.02,2.26,Normal
2025-01-01 00:24:00,397.28,408.64,384.9,19.02,20.21,23.17,54.6,3.07,0.93,2.01,Normal
2025-01-01 00:25:00,400.55,402.18,400.92,20.54,20.61,19.69,55.48,2.7,2.43,2.21,Normal
2025-01-01 00:26:00,394.25,400.19,409.0,21.15,20.18,19.93,57.4,2.66,1.93,1.87,Normal
2025-01-01 00:27:00,401.88,400.6,406.19,21.45,20.74,20.56,52.26,1.94,2.53,2.32,Normal
2025-01-01 00:28:00,397.0,403.07,401.05,20.53,22.63,22.32,51.35,1.92,1.69,2.09,Normal
2025-01-01 00:29:00,398.54,394.89,397.54,21.1,21.87,21.08,54.12,2.66,2.54,1.8,Normal
2025-01-01 00:30:00,396.99,398.71,404.04,18.62,21.97,19.87,52.03,1.82,2.29,2.0,Normal
2025-01-01 00:31:00,409.26,391.66,395.13,20.48,19.72,22.39,54.46,2.23,3.25,1.93,Normal
2025-01-01 00:32:00,399.93,402.0,402.38,21.63,20.02,21.91,56.33,2.75,3.21,2.15,Normal
2025-01-01 00:33:00,394.71,403.24,402.53,20.23,18.37,21.75,53.55,2.01,2.89,1.65,Normal
2025-01-01 00:34:00,404.11,397.58,405.3,21.3,20.43,21.96,52.49,3.3,2.34,1.99,Normal
2025-01-01 00:35:00,393.9,407.87,413.8,21.73,22.24,23.67,55.49,3.11,3.49,2.12,Normal
2025-01-01 00:36:00,401.04,393.87,401.96,20.97,21.83,23.5,57.09,1.71,1.72,2.01,Normal
2025-01-01 00:37:00,390.2,392.68,397.46,21.52,21.12,20.66,51.98,2.03,1.8,2.4,Normal
2025-01-01 00:38:00,393.36,401.12,399.87,20.42,21.36,23.0,57.02,1.36,2.46,2.23,Normal
2025-01-01 00:39:00,400.98,405.24,391.15,21.21,20.72,21.8,57.03,2.11,3.63,2.0,Normal
2025-01-01 00:40:00,403.69,408.42,396.53,22.06,21.65,21.95,57.31,2.88,2.4,2.07,Normal
2025-01-01 00:41:00,400.86,397.71,397.95,21.64,22.25,19.79,57.85,2.29,2.41,2.09,Normal
2025-01-01 00:42:00,399.42,405.39,397.38,20.93,19.9,21.34,59.82,2.73,1.78,2.12,Normal
2025-01-01 00:43:00,398.49,399.81,400.76,21.77,21.84,20.73,54.72,1.74,2.97,1.45,Normal
2025-01-01 00:44:00,392.61,399.14,395.89,22.29,22.51,22.4,55.66,2.9,2.98,1.91,Normal
2025-01-01 00:45:00,396.4,404.42,405.61,19.56,21.19,22.68,54.62,2.22,2.89,1.55,Normal
2025-01-01 00:46:00,397.7,403.26,400.0,22.8,22.34,19.57,55.46,2.51,2.19,2.38,Normal
2025-01-01 00:47:00,405.29,392.12,399.95,21.34,24.49,21.65,58.54,2.45,2.15,1.98,Normal
2025-01-01 00:48:00,401.72,407.38,398.36,22.13,21.6,22.83,52.79,1.86,1.85,1.94,Normal
2025-01-01 00:49:00,391.18,406.9,400.78,22.93,22.13,21.55,53.77,1.92,2.54,2.27,Normal
2025-01-01 00:50:00,401.62,396.87,404.13,20.39,21.03,22.49,58.25,2.98,1.96,2.13,Normal
2025-01-01 00:51:00,398.07,401.98,395.66,21.09,21.98,22.15,57.55,2.7,1.91,1.66,Normal
2025-01-01 00:52:00,396.62,402.47,396.71,21.54,22.29,22.17,54.79,3.03,2.29,1.98,Normal
2025-01-01 00:53:00,403.06,401.3,398.48,21.07,22.05,21.58,57.24,2.66,2.26,1.9,Normal
2025-01-01 00:54:00,405.15,397.25,393.27,23.62,20.86,20.67,56.22,2.57,2.23,1.48,Normal
2025-01-01 00:55:00,404.66,396.64,395.9,21.06,22.12,20.79,58.55,1.64,2.73,1.79,Normal
2025-01-01 00:56:00,395.8,399.87,397.62,21.39,23.4,22.65,55.71,2.36,2.54,1.94,Normal
2025-01-01 00:57:00,398.45,405.86,404.37,22.18,22.42,21.99,57.62,2.49,2.36,1.97,Normal
2025-01-01 00:58:00,401.66,402.72,401.31,20.8,22.96,21.86,60.86,3.48,2.59,1.56,Normal
2025-01-01 00:59:00,404.88,398.15,400.97,21.63,21.79,21.6,56.79,2.84,2.0,2.35,Normal
2025-01-01 01:00:00,397.6,403.86,404.25,22.37,22.81,21.75,55.7,3.27,2.55,1.97,Normal
2025-01-01 01:01:00,399.07,385.76,399.31,21.75,22.36,23.13,57.06,2.8,2.58,2.01,Normal
2025-01-01 01:02:00,394.47,405.74,401.95,22.02,21.16,21.77,54.89,2.14,1.75,2.12,Normal
2025-01-01 01:03:00,394.02,391.3,399.48,21.61,22.45,20.8,60.41,2.56,3.0,1.76,Normal
2025-01-01 01:04:00,404.06,398.19,401.33,20.65,21.17,22.91,56.0,2.62,2.06,2.14,Normal
2025-01-01 01:05:00,406.78,394.4,397.09,22.51,21.56,21.98,55.1,2.03,2.55,1.89,Normal
2025-01-01 01:06:00,399.64,393.53,387.81,23.97,22.4,22.25,53.99,2.31,3.08,1.73,Normal
2025-01-01 01:07:00,405.02,405.8,399.33,22.26,22.54,23.85,57.87,2.4,2.96,2.17,Normal
2025-01-01 01:08:00,401.81,397.66,407.11,22.49,21.08,22.24,57.42,3.3,2.52,2.45,Normal
2025-01-01 01:09:00,396.77,401.73,404.63,22.98,23.34,22.58,54.7,1.46,2.32,2.22,Normal
2025-01-01 01:10:00,401.81,399.77,404.83,21.04,22.89,21.13,56.85,3.1,2.97,2.28,Normal
2025-01-01 01:11:00,407.69,402.39,406.18,24.04,21.63,22.12,52.69,2.03,2.84,1.84,Normal
2025-01-01 01:12:00,399.82,400.38,400.44,22.56,20.82,22.97,56.09,1.81,2.19,1.52,Normal
2025-01-01 01:13:00,407.82,393.59,400.99,24.02,22.24,20.83,56.64,3.09,2.1,2.45,Normal
2025-01-01 01:14:00,386.9,404.98,396.91,21.67,21.96,22.61,59.16,2.87,1.46,2.62,Normal
2025-01-01 01:15:00,404.11,397.53,398.42,24.25,22.54,22.53,54.21,3.13,2.58,2.46,Normal
2025-01-01 01:16:00,400.44,392.22,403.08,23.23,22.09,22.49,53.2,2.9,2.46,1.9,Normal
2025-01-01 01:17:00,398.5,397.86,406.02,23.03,20.46,23.51,53.98,3.53,3.07,1.65,Warning
2025-01-01 01:18:00,400.46,407.5,399.3,22.73,22.11,22.83,53.11,2.78,2.68,1.68,Normal
2025-01-01 01:19:00,390.06,404.25,397.75,22.27,22.21,23.99,58.46,2.42,3.17,1.49,Normal
2025-01-01 01:20:00,398.9,398.26,400.0,23.74,23.17,21.54,58.9,2.67,2.15,1.97,Normal
2025-01-01 01:21:00,401.79,398.25,403.01,22.69,21.86,22.69,56.45,3.12,3.07,2.48,Normal
2025-01-01 01:22:00,407.39,398.39,392.78,20.61,24.25,22.66,58.26,2.11,2.24,1.96,Normal
2025-01-01 01:23:00,397.41,410.38,388.52,21.48,20.68,21.52,56.1,2.17,2.89,2.09,Normal
2025-01-01 01:24:00,395.96,401.91,397.25,22.43,23.92,23.57,55.65,2.35,1.77,2.41,Normal
2025-01-01 01:25:00,397.49,402.15,393.9,22.94,22.41,24.96,55.18,1.45,2.62,1.88,Normal
2025-01-01 01:26:00,404.58,405.15,397.46,22.59,23.51,22.63,55.24,2.57,1.51,2.61,Normal
2025-01-01 01:27:00,401.64,401.19,399.26,23.88,22.75,23.17,52.78,1.56,2.37,2.6,Normal
2025-01-01 01:28:00,397.35,398.7,397.73,20.73,23.82,22.77,56.41,2.53,2.72,1.96,Normal
2025-01-01 01:29:00,402.57,399.02,407.26,22.84,22.31,21.99,55.81,2.93,2.24,1.83,Normal
2025-01-01 01:30:00,400.49,399.64,401.63,20.9,21.62,20.9,57.39,2.26,1.97,2.21,Normal
2025-01-01 01:31:00,404.84,399.81,401.5,23.49,24.15,22.03,56.1,3.34,2.92,1.9,Normal
2025-01-01 01:32:00,396.49,403.64,403.11,22.65,22.63,21.36,55.6,1.77,2.45,1.65,Normal
2025-01-01 01:33:00,398.36,400.26,394.31,23.18,22.98,24.47,54.19,3.1,2.26,2.38,Normal
2025-01-01 01:34:00,398.04,403.66,405.2,21.91,24.01,22.66,56.09,2.84,2.52,2.36,Normal
2025-01-01 01:35:00,392.68,399.6,399.62,24.07,21.76,22.44,57.43,1.64,3.82,2.05,Normal
2025-01-01 01:36:00,401.48,400.39,403.35,23.85,23.4,23.69,53.67,3.86,3.08,1.62,Warning
2025-01-01 01:37:00,401.31,390.01,394.64,23.4,22.23,21.7,56.15,2.47,3.08,1.63,Normal
2025-01-01 01:38:00,400.03,404.58,392.23,22.7,22.7,22.06,56.45,2.06,2.72,2.03,Normal
2025-01-01 01:39:00,398.83,401.73,404.09,23.42,22.91,22.91,54.55,1.8,2.58,1.85,Normal
2025-01-01 01:40:00,392.92,404.99,401.88,22.15,21.35,23.88,54.83,2.39,1.3,1.9,Normal
2025-01-01 01:41:00,397.9,385.52,395.49,23.72,22.09,23.37,56.47,2.44,2.16,2.31,Normal
2025-01-01 01:42:00,398.29,410.44,395.65,24.53,24.23,23.12,53.75,2.55,2.26,2.22,Normal
2025-01-01 01:43:00,395.99,399.3,405.63,23.96,23.77,22.97,56.73,2.35,1.56,2.41,Normal
2025-01-01 01:44:00,399.19,405.54,394.05,22.17,22.83,23.3,54.25,2.82,1.92,1.7,Normal
2025-01-01 01:45:00,402.02,394.8,408.21,23.27,23.15,23.11,58.18,2.31,1.51,1.9,Normal
2025-01-01 01:46:00,409.43,403.06,395.5,21.62,22.62,21.89,60.74,1.53,2.48,2.23,Normal
2025-01-01 01:47:00,400.87,394.73,403.19,23.5,24.28,22.97,54.35,2.43,2.91,2.13,Normal
2025-01-01 01:48:00,401.29,396.88,398.36,23.38,22.73,21.86,57.15,1.32,3.05,2.46,Normal
2025-01-01 01:49:00,399.63,409.57,403.02,21.07,23.17,23.02,54.64,2.68,2.71,2.13,Normal
2025-01-01 01:50:00,390.41,399.05,397.28,21.79,24.09,22.47,58.18,2.01,2.02,2.55,Normal
2025-01-01 01:51:00,399.87,401.09,399.19,22.67,22.18,25.49,53.58,2.58,1.53,2.16,Normal
2025-01-01 01:52:00,400.3,404.35,400.2,22.66,24.52,22.92,57.08,3.16,1.62,2.32,Normal
2025-01-01 01:53:00,412.32,402.48,394.99,21.76,21.44,21.56,54.39,2.03,1.87,1.9,Normal
2025-01-01 01:54:00,399.04,400.75,403.7,23.36,24.6,22.84,55.73,3.03,2.06,2.0,Normal
2025-01-01 01:55:00,401.51,401.82,397.43,23.23,22.6,23.5,54.09,2.28,2.42,2.27,Normal
2025-01-01 01:56:00,399.83,412.02,398.86,22.79,22.74,24.65,57.81,3.38,1.99,2.48,Normal
2025-01-01 01:57:00,394.16,399.71,395.03,22.23,21.1,22.4,54.5,2.32,2.67,2.22,Normal
2025-01-01 01:58:00,405.71,401.01,387.19,24.04,22.53,21.41,57.29,2.08,2.38,1.98,Normal
2025-01-01 01:59:00,403.76,405.25,399.04,24.65,21.95,23.81,55.5,2.84,2.51,2.41,Normal
2025-01-01 02:00:00,403.96,405.53,412.06,22.51,22.39,21.61,55.97,2.28,3.07,1.34,Normal
2025-01-01 02:01:00,395.45,405.94,403.92,22.38,22.86,22.56,56.51,2.08,1.91,1.57,Normal
2025-01-01 02:02:00,407.01,403.19,399.9,23.49,23.96,22.74,54.7,2.26,2.71,2.2,Normal
2025-01-01 02:03:00,392.99,394.28,398.69,22.64,23.21,22.93,56.65,2.48,2.49,2.0,Normal
2025-01-01 02:04:00,402.93,408.17,400.11,22.86,23.31,23.69,59.3,3.17,2.33,2.18,Normal
2025-01-01 02:05:00,410.95,394.27,402.74,23.74,21.9,22.32,54.7,1.53,2.94,2.02,Normal
2025-01-01 02:06:00,395.05,401.51,394.1,21.09,22.12,22.73,58.6,2.51,2.94,2.17,Normal
2025-01-01 02:07:00,397.17,396.23,405.57,24.32,24.8,22.98,59.27,2.81,2.03,1.76,Normal
2025-01-01 02:08:00,400.5,399.68,403.58,23.07,22.26,23.15,54.65,2.6,2.41,2.17,Normal
2025-01-01 02:09:00,397.48,401.64,403.59,22.58,24.65,23.09,53.38,3.15,2.64,2.3,Normal
2025-01-01 02:10:00,392.25,401.61,402.19,22.9,22.75,23.43,56.91,2.46,2.36,2.37,Normal
2025-01-01 02:11:00,400.34,402.11,400.1,22.95,22.99,23.83,55.22,2.41,2.79,2.6,Normal
2025-01-01 02:12:00,394.69,408.07,403.36,21.26,24.06,23.38,60.06,2.8,2.64,2.07,Normal
2025-01-01 02:13:00,402.37,402.27,402.96,24.48,24.26,23.44,56.4,2.55,3.42,2.08,Normal
2025-01-01 02:14:00,395.4,398.78,398.23,23.02,22.87,21.4,54.74,2.3,1.73,1.54,Normal
2025-01-01 02:15:00,407.75,404.82,397.13,23.42,22.59,23.03,54.06,2.76,2.44,1.84,Normal
2025-01-01 02:16:00,396.08,405.95,400.51,23.92,22.91,23.45,58.54,2.17,2.05,1.94,Normal
2025-01-01 02:17:00,398.39,393.86,407.75,21.94,23.3,23.69,55.23,2.19,2.8,2.32,Normal
2025-01-01 02:18:00,404.07,402.99,393.8,23.43,23.85,22.27,56.47,2.24,1.69,1.82,Normal
2025-01-01 02:19:00,393.85,403.51,392.66,22.69,22.96,22.29,58.3,3.18,2.67,2.24,Normal
2025-01-01 02:20:00,401.14,398.51,400.82,23.79,23.56,22.37,55.43,0.89,2.18,2.0,Normal
2025-01-01 02:21:00,406.54,406.88,400.25,20.81,24.58,23.47,56.32,2.7,2.13,1.95,Normal
2025-01-01 02:22:00,391.96,399.25,400.87,22.83,23.31,23.96,56.39,2.52,1.78,2.07,Normal
2025-01-01 02:23:00,400.92,400.63,401.22,22.32,23.23,22.51,57.8,1.66,2.27,1.88,Normal
2025-01-01 02:24:00,401.3,399.13,398.88,23.35,21.39,23.82,57.62,2.65,3.04,1.87,Normal
2025-01-01 02:25:00,403.91,400.08,407.45,23.37,20.27,23.03,56.01,2.74,2.49,1.49,Normal
2025-01-01 02:26:00,393.82,394.52,392.0,22.19,23.28,22.77,56.59,2.79,2.81,1.93,Normal
2025-01-01 02:27:00,393.4,392.8,395.86,22.17,22.79,22.67,55.73,1.17,3.33,1.86,Normal
2025-01-01 02:28:00,402.61,407.97,399.48,22.76,22.36,23.62,53.53,3.18,2.63,1.85,Normal
2025-01-01 02:29:00,401.48,395.77,391.78,21.97,23.11,23.19,57.01,2.13,2.22,2.13,Normal
2025-01-01 02:30:00,401.25,395.04,399.12,23.69,22.79,25.13,60.29,2.84,2.73,2.2,Normal
2025-01-01 02:31:00,401.73,389.23,408.31,22.47,23.97,21.99,54.74,2.87,2.23,2.07,Normal
2025-01-01 02:32:00,396.6,396.81,400.1,19.92,22.91,23.35,54.98,2.06,2.25,2.3,Normal
2025-01-01 02:33:00,401.16,393.38,401.15,22.44,22.07,22.29,54.79,2.83,1.74,2.17,Normal
2025-01-01 02:34:00,401.47,408.21,393.7,21.76,23.79,21.93,57.99,2.31,2.96,1.91,Normal
2025-01-01 02:35:00,396.43,405.05,396.92,21.16,22.57,22.78,57.45,1.46,2.31,1.86,Normal
2025-01-01 02:36:00,409.33,396.56,398.12,21.54,23.3,22.91,56.24,3.08,2.59,2.09,Normal
2025-01-01 02:37:00,402.37,411.26,398.41,22.87,22.28,25.68,54.74,2.11,1.98,2.17,Normal
2025-01-01 02:38:00,394.04,404.91,406.41,24.07,22.09,22.56,56.77,2.07,2.72,2.42,Normal
2025-01-01 02:39:00,403.28,398.38,402.79,23.04,22.81,21.6,53.46,2.3,2.12,2.36,Normal
2025-01-01 02:40:00,395.13,387.5,394.44,22.11,22.72,22.98,56.89,2.64,2.43,1.84,Normal
2025-01-01 02:41:00,403.94,411.45,401.23,23.15,23.18,20.62,58.35,2.47,2.94,1.97,Normal
2025-01-01 02:42:00,405.79,393.05,402.49,22.22,22.41,22.59,54.12,2.77,2.9,2.2,Normal
2025-01-01 02:43:00,395.9,391.77,405.7,21.97,20.83,22.68,53.57,1.83,2.49,2.32,Normal
2025-01-01 02:44:00,404.82,405.11,407.9,21.49,22.21,23.44,59.8,2.13,1.62,2.28,Normal
2025-01-01 02:45:00,402.06,412.2,394.92,20.87,23.42,23.6,55.43,2.44,4.0,1.98,Normal
2025-01-01 02:46:00,404.11,406.92,395.95,22.22,22.31,22.1,58.93,3.45,3.37,1.62,Normal
2025-01-01 02:47:00,409.48,402.82,393.71,22.75,22.34,22.44,56.36,2.44,2.86,1.7,Normal
2025-01-01 02:48:00,398.77,402.97,398.83,22.47,23.56,21.8,56.36,3.04,2.12,2.08,Normal
2025-01-01 02:49:00,396.23,404.27,402.33,22.13,21.84,21.42,57.57,2.52,2.44,2.1,Normal
2025-01-01 02:50:00,395.55,403.79,404.94,21.58,20.99,22.84,54.93,2.26,2.23,1.67,Normal
2025-01-01 02:51:00,395.92,401.41,399.62,23.12,22.35,21.24,56.98,2.38,3.13,2.01,Normal
2025-01-01 02:52:00,399.61,400.52,398.4,21.17,22.0,22.07,55.96,2.42,2.63,2.19,Normal
2025-01-01 02:53:00,401.71,399.69,400.76,23.24,21.5,21.47,54.09,2.8,2.11,1.65,Normal
2025-01-01 02:54:00,401.38,396.23,395.82,21.44,22.27,22.99,57.42,3.19,2.26,2.33,Normal
2025-01-01 02:55:00,404.14,398.6,410.45,21.67,22.91,24.22,56.23,2.68,3.06,1.89,Normal
2025-01-01 02:56:00,400.07,391.54,391.96,20.93,22.39,21.1,56.45,3.09,3.3,2.38,Normal
2025-01-01 02:57:00,407.27,399.51,400.92,21.88,22.68,20.52,54.35,2.02,3.26,1.84,Normal
2025-01-01 02:58:00,398.68,395.06,410.12,23.33,24.17,22.23,59.96,2.29,2.88,1.69,Normal
2025-01-01 02:59:00,413.6,394.48,400.03,22.85,21.99,22.35,58.55,2.14,2.37,1.86,Normal
2025-01-01 03:00:00,403.13,400.9,399.05,23.29,22.59,22.53,58.73,2.66,0.88,1.97,Normal
2025-01-01 03:01:00,395.71,406.96,398.21,22.81,21.77,21.84,56.2,2.32,2.65,1.88,Normal
2025-01-01 03:02:00,394.65,404.59,399.1,21.15,21.41,22.06,53.36,2.86,2.5,1.94,Normal
2025-01-01 03:03:00,402.41,392.15,406.86,21.9,21.65,22.6,60.74,2.03,2.57,2.1,Normal
2025-01-01 03:04:00,398.88,395.05,388.94,21.43,21.73,23.25,56.72,2.52,2.53,1.95,Normal
2025-01-01 03:05:00,403.57,404.7,407.67,23.51,22.54,20.23,55.35,2.84,1.84,1.98,Normal
2025-01-01 03:06:00,402.37,395.09,392.88,20.96,24.51,21.79,57.7,1.47,2.78,1.49,Normal
2025-01-01 03:07:00,399.64,398.88,398.67,23.02,21.41,22.34,59.21,3.56,2.82,2.12,Warning
2025-01-01 03:08:00,395.77,402.75,397.85,23.0,21.69,21.18,56.84,2.36,2.84,1.97,Normal
2025-01-01 03:09:00,392.43,395.16,402.94,23.91,22.01,23.81,59.45,1.49,2.97,2.48,Normal
2025-01-01 03:10:00,397.77,400.53,392.01,21.64,22.44,21.41,59.07,2.58,2.8,1.72,Normal
2025-01-01 03:11:00,404.28,393.33,402.31,22.73,22.28,21.98,54.76,2.52,2.29,1.46,Normal
2025-01-01 03:12:00,401.07,396.99,410.12,24.27,23.28,22.55,55.57,2.46,2.46,2.19,Normal
2025-01-01 03:13:00,393.77,401.6,393.18,21.35,19.54,21.37,58.85,3.0,2.55,2.1,Normal
2025-01-01 03:14:00,400.87,392.04,400.95,20.4,19.55,20.09,51.52,2.87,2.55,1.7,Normal
2025-01-01 03:15:00,401.93,402.2,396.69,20.03,21.41,21.48,56.65,2.65,3.0,1.54,Normal
2025-01-01 03:16:00,395.58,399.9,402.13,22.59,22.97,22.91,54.1,2.73,2.82,2.46,Normal
2025-01-01 03:17:00,400.77,402.76,400.1,19.96,20.28,21.51,56.02,2.45,3.54,2.42,Normal
2025-01-01 03:18:00,400.29,401.12,396.79,21.45,18.81,20.97,56.38,3.39,3.6,1.25,Normal
2025-01-01 03:19:00,394.29,406.82,402.44,22.23,22.36,22.71,56.28,1.76,2.54,1.86,Normal
2025-01-01 03:20:00,401.79,400.63,409.02,21.94,22.0,21.43,55.9,2.57,0.58,2.5,Normal
2025-01-01 03:21:00,402.8,397.85,399.05,22.15,20.64,21.22,54.82,2.53,3.12,1.86,Normal
2025-01-01 03:22:00,405.42,400.61,403.6,21.92,20.71,21.84,61.61,2.91,2.23,1.85,Normal
2025-01-01 03:23:00,405.27,402.72,393.53,22.94,20.69,22.44,60.77,2.08,2.1,1.92,Normal
2025-01-01 03:24:00,393.11,400.24,395.22,20.68,21.74,24.01,54.72,1.63,2.3,1.66,Normal
2025-01-01 03:25:00,395.31,400.2,402.36,20.92,20.97,22.43,60.22,2.58,2.28,1.49,Normal
2025-01-01 03:26:00,402.58,396.49,407.42,20.8,22.06,22.73,56.26,2.64,2.81,2.32,Normal
2025-01-01 03:27:00,402.57,396.69,401.78,22.37,18.68,21.03,57.33,3.24,1.72,1.45,Normal
2025-01-01 03:28:00,402.58,392.99,398.43,22.4,20.65,20.48,56.96,1.86,1.96,2.07,Normal
2025-01-01 03:29:00,419.26,408.75,400.0,21.92,20.35,21.53,55.77,3.08,2.67,2.27,Normal
2025-01-01 03:30:00,402.85,393.78,393.75,22.62,21.18,21.55,59.07,3.68,2.81,1.56,Warning
2025-01-01 03:31:00,405.68,396.54,403.02,20.23,20.87,20.33,57.36,2.31,2.82,1.72,Normal
2025-01-01 03:32:00,404.77,396.41,404.41,23.04,22.17,21.2,56.17,1.85,2.11,2.36,Normal
2025-01-01 03:33:00,403.26,404.47,397.74,22.86,19.48,21.74,54.52,2.3,2.01,2.16,Normal
2025-01-01 03:34:00,398.42,398.53,397.65,22.04,21.35,21.66,55.35,2.51,2.25,1.81,Normal
2025-01-01 03:35:00,403.79,406.24,401.33,23.05,21.83,21.77,53.87,2.78,2.62,2.36,Normal
2025-01-01 03:36:00,396.14,396.63,397.82,19.58,23.09,21.53,57.19,2.2,3.24,2.36,Normal
2025-01-01 03:37:00,398.82,401.39,399.67,20.68,20.72,20.69,54.78,3.28,1.48,2.08,Normal
2025-01-01 03:38:00,397.57,395.82,410.5,20.43,21.49,20.65,56.65,1.94,2.39,1.73,Normal
2025-01-01 03:39:00,400.41,410.73,398.76,21.85,19.33,19.93,59.93,1.63,1.83,1.88,Normal
2025-01-01 03:40:00,411.57,394.06,398.21,20.05,18.7,22.88,59.6,3.05,1.67,2.09,Normal
2025-01-01 03:41:00,390.66,401.55,396.76,21.82,21.91,21.07,57.15,1.36,2.98,1.94,Normal
2025-01-01 03:42:00,403.43,403.17,403.72,22.4,21.02,20.8,57.05,2.4,2.77,2.28,Normal
2025-01-01 03:43:00,391.94,402.07,399.09,21.69,22.17,20.06,60.99,4.06,2.72,1.54,Warning
2025-01-01 03:44:00,397.64,399.07,396.75,21.24,19.58,23.89,58.28,2.49,2.96,1.55,Normal
2025-01-01 03:45:00,405.44,399.35,406.61,19.93,21.44,19.85,56.6,1.94,2.26,2.05,Normal
2025-01-01 03:46:00,400.32,400.22,407.1,20.04,22.75,20.45,54.41,2.47,2.28,1.85,Normal
2025-01-01 03:47:00,394.61,399.26,397.0,22.1,21.27,21.26,58.06,2.47,3.59,1.81,Normal
2025-01-01 03:48:00,396.42,404.82,390.67,21.59,21.09,21.41,58.94,2.58,2.38,1.47,Normal
2025-01-01 03:49:00,403.4,411.05,405.04,20.74,20.78,21.73,56.03,2.83,2.87,2.01,Normal
2025-01-01 03:50:00,396.35,397.21,396.58,20.32,19.17,22.55,57.88,1.98,2.5,1.98,Normal
2025-01-01 03:51:00,401.08,393.15,403.95,18.68,22.06,21.21,56.59,3.34,1.58,2.2,Normal
2025-01-01 03:52:00,400.23,399.56,390.15,19.59,20.05,19.61,56.95,2.62,1.48,2.02,Normal
2025-01-01 03:53:00,396.74,412.9,404.46,22.54,21.13,20.37,52.36,2.86,2.21,1.96,Normal
2025-01-01 03:54:00,410.72,395.98,393.94,19.31,19.03,20.9,56.9,2.19,3.03,2.35,Normal
2025-01-01 03:55:00,403.17,408.2,403.65,20.74,19.37,22.62,59.29,3.14,2.89,1.61,Normal
2025-01-01 03:56:00,389.87,408.39,400.07,21.52,21.95,19.12,56.1,2.37,2.96,2.16,Normal
2025-01-01 03:57:00,400.93,397.23,395.23,19.22,20.13,21.68,57.48,2.64,2.01,1.5,Normal
2025-01-01 03:58:00,396.69,402.84,397.96,20.63,21.9,20.62,55.87,2.03,3.31,1.75,Normal
2025-01-01 03:59:00,404.26,408.14,403.43,21.34,20.33,21.24,58.11,2.0,2.02,1.64,Normal
2025-01-01 04:00:00,396.04,398.1,400.53,20.38,18.53,20.27,56.97,2.84,2.61,2.23,Normal
2025-01-01 04:01:00,399.43,398.98,402.92,23.2,21.22,19.49,55.53,2.28,2.49,1.98,Normal
2025-01-01 04:02:00,402.52,397.09,409.88,18.62,19.7,21.04,60.09,2.07,2.41,2.0,Normal
2025-01-01 04:03:00,404.33,394.93,392.18,21.31,20.95,20.91,59.29,2.18,3.17,1.67,Normal
2025-01-01 04:04:00,394.0,396.75,408.09,20.04,20.24,21.19,56.23,2.85,2.15,1.91,Normal
2025-01-01 04:05:00,398.33,393.88,400.52,20.95,18.64,20.17,58.45,2.19,1.83,1.77,Normal
2025-01-01 04:06:00,397.63,400.17,395.51,20.58,20.31,19.54,58.54,2.44,2.51,2.12,Normal
2025-01-01 04:07:00,396.73,396.15,393.35,19.37,22.3,18.54,58.76,2.51,2.3,1.7,Normal
2025-01-01 04:08:00,408.83,401.17,399.05,20.3,20.56,20.89,54.09,1.54,4.19,2.4,Normal
2025-01-01 04:09:00,402.02,392.22,404.61,18.17,19.97,20.45,59.51,1.76,2.84,1.5,Normal
2025-01-01 04:10:00,393.7,401.65,399.36,20.59,21.07,19.02,56.36,2.67,2.3,1.76,Normal
2025-01-01 04:11:00,404.59,404.17,407.56,20.25,20.16,19.41,56.8,2.13,1.97,2.5,Normal
2025-01-01 04:12:00,410.61,390.03,392.74,20.55,20.12,19.45,62.8,3.03,1.56,1.87,Normal
2025-01-01 04:13:00,405.16,401.87,399.94,20.94,18.79,18.39,58.14,2.98,1.99,1.61,Normal
2025-01-01 04:14:00,392.4,406.14,393.74,20.21,20.07,19.02,56.77,2.86,2.56,2.07,Normal
2025-01-01 04:15:00,397.58,393.95,401.82,19.95,20.84,18.67,53.14,3.41,3.21,1.86,Normal
2025-01-01 04:16:00,406.33,408.36,404.43,18.88,18.93,19.35,60.34,2.46,3.06,1.75,Normal
2025-01-01 04:17:00,396.46,402.1,397.9,19.01,21.15,18.99,54.88,2.82,2.61,1.67,Normal
2025-01-01 04:18:00,402.22,396.47,386.98,20.88,19.6,18.06,55.58,2.21,2.34,2.83,Normal
2025-01-01 04:19:00,403.87,399.72,400.99,21.09,18.76,21.67,56.93,3.73,2.63,1.92,Warning
2025-01-01 04:20:00,395.37,402.79,402.18,19.38,20.61,20.87,60.44,3.49,2.24,1.42,Normal
2025-01-01 04:21:00,399.7,400.38,402.02,19.62,19.29,18.8,59.16,2.51,3.36,2.45,Normal
2025-01-01 04:22:00,383.79,402.69,406.18,18.63,20.3,19.81,57.31,2.69,2.41,2.18,Normal
2025-01-01 04:23:00,394.88,395.4,394.64,20.68,19.21,19.92,58.25,3.18,2.46,1.77,Normal
2025-01-01 04:24:00,398.74,400.85,403.4,20.13,19.41,20.66,56.44,2.43,1.39,1.72,Normal
2025-01-01 04:25:00,393.76,392.93,405.96,21.37,19.92,18.61,57.93,2.17,2.4,2.2,Normal
2025-01-01 04:26:00,408.16,399.44,391.11,18.51,19.68,20.48,57.81,2.94,2.92,1.93,Normal
2025-01-01 04:27:00,392.85,395.48,401.6,18.98,17.36,18.81,59.61,2.54,1.97,1.42,Normal
2025-01-01 04:28:00,397.8,396.32,397.48,19.55,18.2,17.98,59.62,2.59,2.12,2.54,Normal
2025-01-01 04:29:00,400.65,406.18,399.59,19.93,20.21,20.0,58.68,2.08,2.9,1.87,Normal
2025-01-01 04:30:00,407.21,405.46,401.74,19.03,19.11,20.53,56.98,1.64,1.76,2.45,Normal
2025-01-01 04:31:00,392.82,403.05,397.56,18.33,18.68,21.8,59.2,2.62,3.03,2.38,Normal
2025-01-01 04:32:00,405.82,394.54,396.62,20.05,17.81,17.97,57.54,2.95,2.23,1.7,Normal
2025-01-01 04:33:00,400.05,398.42,400.17,19.86,18.06,19.83,55.57,2.39,2.31,2.31,Normal
2025-01-01 04:34:00,395.09,406.07,394.56,18.18,17.08,18.69,56.94,3.22,1.94,1.8,Normal
2025-01-01 04:35:00,402.31,400.71,394.57,20.42,18.96,19.85,57.92,2.15,2.69,1.44,Normal
2025-01-01 04:36:00,401.0,411.6,403.4,20.2,18.43,17.56,59.58,1.97,3.73,1.87,Normal
2025-01-01 04:37:00,397.0,401.97,394.26,19.13,18.03,17.73,57.41,2.47,2.89,2.12,Normal
2025-01-01 04:38:00,400.35,400.96,403.33,19.04,18.89,18.18,55.36,2.46,2.07,1.86,Normal
2025-01-01 04:39:00,398.07,398.45,402.31,19.47,19.28,19.0,57.91,2.88,3.07,1.91,Normal
2025-01-01 04:40:00,400.57,400.67,391.37,18.02,20.98,18.24,58.03,2.11,2.34,2.34,Normal
2025-01-01 04:41:00,403.31,399.24,396.61,18.88,17.34,19.51,58.18,3.18,3.19,2.03,Normal
2025-01-01 04:42:00,407.93,403.54,405.97,16.66,19.98,19.84,59.66,3.48,2.9,1.75,Normal
2025-01-01 04:43:00,393.81,404.78,395.09,19.66,19.75,19.38,59.87,2.48,1.03,2.21,Normal
2025-01-01 04:44:00,410.67,396.07,397.68,17.19,17.97,20.37,56.65,3.12,2.0,2.06,Normal
2025-01-01 04:45:00,390.24,393.34,402.31,20.22,18.92,19.13,56.62,1.97,2.97,1.24,Normal
2025-01-01 04:46:00,399.24,390.82,403.92,18.35,18.22,17.46,55.78,3.04,2.58,2.13,Normal
2025-01-01 04:47:00,402.94,402.54,398.74,18.43,18.83,20.01,59.27,3.02,1.99,2.12,Normal
2025-01-01 04:48:00,401.4,394.48,397.01,17.98,20.12,18.01,60.78,2.93,2.18,2.01,Normal
2025-01-01 04:49:00,396.89,389.24,407.11,18.29,19.18,19.49,57.26,2.49,1.55,2.27,Normal
2025-01-01 04:50:00,398.96,401.94,408.69,19.96,19.05,20.12,57.42,1.02,2.46,1.8,Normal
2025-01-01 04:51:00,397.53,412.46,404.89,16.02,18.08,18.97,60.85,2.18,3.61,2.1,Normal
2025-01-01 04:52:00,397.05,399.97,400.43,19.76,17.0,16.98,58.93,2.19,2.9,1.53,Normal
2025-01-01 04:53:00,404.25,404.19,395.96,18.79,18.24,17.53,58.81,2.01,3.6,2.12,Normal
2025-01-01 04:54:00,401.79,400.41,395.85,17.21,19.62,19.74,55.56,2.56,2.94,2.59,Normal
2025-01-01 04:55:00,396.54,399.51,402.61,17.31,16.86,18.21,59.31,2.29,3.01,1.7,Normal
2025-01-01 04:56:00,404.5,404.6,402.09,20.03,17.3,18.43,56.1,2.09,3.49,1.77,Normal
2025-01-01 04:57:00,401.54,398.55,407.01,17.37,18.45,19.08,55.7,1.97,2.69,1.79,Normal
2025-01-01 04:58:00,404.06,401.34,403.25,17.14,17.3,18.99,57.29,2.14,2.41,2.04,Normal
2025-01-01 04:59:00,403.15,401.61,392.48,19.4,17.47,18.54,56.82,3.06,3.02,1.68,Normal
2025-01-01 05:00:00,395.86,396.66,405.26,18.57,17.8,18.02,57.56,2.17,3.23,2.13,Normal
2025-01-01 05:01:00,397.2,404.96,395.01,17.26,16.83,17.88,55.13,2.24,2.26,2.25,Normal
2025-01-01 05:02:00,403.74,399.13,398.08,18.38,17.19,19.03,59.94,2.27,2.14,2.16,Normal
2025-01-01 05:03:00,403.05,396.22,401.25,17.11,18.84,18.69,60.29,2.67,2.57,1.47,Normal
2025-01-01 05:04:00,399.9,402.68,409.98,19.21,16.8,17.85,54.15,2.73,2.92,2.3,Normal
2025-01-01 05:05:00,400.59,395.51,415.55,19.14,16.48,19.16,60.01,0.98,2.9,2.28,Normal
2025-01-01 05:06:00,406.39,400.14,403.03,18.58,17.42,17.92,56.44,3.01,1.79,2.25,Normal
2025-01-01 05:07:00,397.04,399.95,399.08,18.38,18.75,17.17,59.79,3.22,3.46,2.11,Normal
2025-01-01 05:08:00,402.74,405.43,402.67,19.75,17.8,17.23,57.95,1.97,2.18,2.07,Normal
2025-01-01 05:09:00,398.99,402.37,404.44,17.97,17.5,16.99,58.15,2.01,2.37,2.31,Normal
2025-01-01 05:10:00,398.91,399.87,398.4,16.76,17.98,17.67,57.73,2.27,2.05,2.58,Normal
2025-01-01 05:11:00,405.49,404.09,408.98,18.36,16.16,19.14,60.54,2.12,3.85,1.71,Normal
2025-01-01 05:12:00,404.13,406.95,401.15,19.97,18.38,17.08,55.64,2.61,2.62,2.32,Normal
2025-01-01 05:13:00,404.07,402.79,402.49,16.84,18.24,18.05,59.35,1.53,2.07,1.97,Normal
2025-01-01 05:14:00,406.53,400.05,403.33,17.47,17.42,17.17,60.35,1.94,2.93,1.96,Normal
2025-01-01 05:15:00,400.11,393.44,402.11,18.22,18.81,17.54,59.59,3.27,2.88,1.54,Normal
2025-01-01 05:16:00,403.41,394.67,404.19,17.73,16.65,16.27,62.81,2.04,2.41,1.91,Normal
2025-01-01 05:17:00,398.45,398.47,396.91,16.77,18.88,17.53,57.12,3.12,2.92,1.7,Normal
2025-01-01 05:18:00,401.62,396.95,397.21,18.85,17.88,17.54,60.1,2.68,2.09,1.86,Normal
2025-01-01 05:19:00,399.35,399.07,394.5,20.02,17.37,18.25,57.98,1.6,2.25,1.67,Normal
2025-01-01 05:20:00,400.48,400.28,402.2,17.88,17.66,17.9,60.67,2.82,1.49,1.87,Normal
2025-01-01 05:21:00,402.98,402.65,403.89,16.75,17.55,16.46,58.2,2.44,1.84,1.88,Normal
2025-01-01 05:22:00,395.91,399.65,402.29,16.08,18.85,18.72,57.45,2.27,3.4,2.03,Normal
2025-01-01 05:23:00,410.46,402.43,408.37,17.87,16.53,17.82,60.85,2.62,3.32,1.52,Normal
2025-01-01 05:24:00,394.97,400.32,399.97,18.69,16.83,17.79,57.26,2.74,2.53,1.57,Normal
2025-01-01 05:25:00,393.93,390.12,403.34,18.04,18.6,17.56,55.43,2.85,3.33,2.11,Normal
2025-01-01 05:26:00,405.79,395.3,394.54,17.54,16.95,17.03,57.23,3.09,2.42,1.76,Normal
2025-01-01 05:27:00,403.96,399.28,398.06,16.93,18.42,17.74,59.51,2.7,2.38,2.32,Normal
2025-01-01 05:28:00,403.12,393.95,403.48,16.41,19.2,17.98,61.07,1.81,2.53,2.07,Normal
2025-01-01 05:29:00,403.14,403.0,404.25,18.32,17.08,15.73,58.52,2.26,2.44,2.18,Normal
2025-01-01 05:30:00,399.94,407.65,398.53,18.37,18.14,16.92,60.94,3.97,2.39,2.42,Warning
2025-01-01 05:31:00,395.51,406.09,399.64,15.89,16.29,17.19,55.6,2.86,3.07,1.91,Normal
2025-01-01 05:32:00,400.38,398.93,392.41,19.01,18.18,17.68,57.44,3.68,2.58,1.83,Warning
2025-01-01 05:33:00,396.61,407.45,398.21,17.98,17.6,18.6,57.76,3.2,2.86,2.26,Normal
2025-01-01 05:34:00,404.88,400.74,404.45,18.78,17.86,16.61,58.11,2.62,3.02,2.15,Normal
2025-01-01 05:35:00,399.26,398.31,402.88,16.02,16.72,16.87,58.52,2.65,2.69,1.94,Normal
2025-01-01 05:36:00,395.87,396.93,402.5,15.98,15.69,16.83,59.75,2.48,2.01,2.42,Normal
2025-01-01 05:37:00,398.39,398.49,400.25,17.18,17.83,16.53,57.48,1.63,1.82,1.94,Normal
2025-01-01 05:38:00,402.06,398.06,400.04,17.82,15.25,16.97,58.66,2.51,2.57,2.01,Normal
2025-01-01 05:39:00,397.18,400.85,396.7,19.09,16.98,18.07,58.3,3.11,2.41,2.01,Normal
2025-01-01 05:40:00,395.89,400.8,403.49,17.99,18.22,16.23,56.55,2.2,2.54,1.72,Normal
2025-01-01 05:41:00,401.22,400.02,402.1,17.02,17.46,17.69,58.19,2.71,2.49,2.02,Normal
2025-01-01 05:42:00,401.22,402.18,402.46,16.22,19.2,15.55,58.14,2.93,3.79,2.42,Normal
2025-01-01 05:43:00,397.47,405.95,397.37,18.46,18.26,16.67,58.1,2.05,1.83,2.13,Normal
2025-01-01 05:44:00,397.64,404.75,389.23,16.26,16.57,16.89,58.51,2.27,1.51,2.01,Normal
2025-01-01 05:45:00,401.16,392.58,405.49,18.83,17.23,18.88,58.6,1.99,2.67,1.95,Normal
2025-01-01 05:46:00,392.76,387.23,397.61,16.91,17.15,16.92,57.6,2.09,2.31,2.1,Normal
2025-01-01 05:47:00,392.96,404.67,395.69,18.77,15.6,14.98,61.02,1.86,2.66,2.22,Normal
2025-01-01 05:48:00,396.41,393.17,403.47,17.85,16.23,15.17,56.14,2.05,2.79,2.18,Normal
2025-01-01 05:49:00,398.93,398.88,398.04,17.02,16.59,17.19,57.05,3.21,3.14,1.9,Normal
2025-01-01 05:50:00,401.55,394.15,405.3,16.62,15.11,17.76,64.06,2.04,1.75,2.1,Normal
2025-01-01 05:51:00,407.38,390.99,403.09,16.79,17.18,17.51,56.44,2.56,2.22,2.14,Normal
2025-01-01 05:52:00,404.29,402.71,403.42,17.55,16.87,17.29,55.82,2.25,2.71,1.7,Normal
2025-01-01 05:53:00,399.2,403.8,393.17,17.19,15.44,18.27,60.0,3.09,2.89,2.05,Normal
2025-01-01 05:54:00,399.9,397.12,406.06,16.51,17.5,16.56,54.39,3.16,3.6,1.35,Normal
2025-01-01 05:55:00,394.99,387.04,401.31,16.93,17.81,17.99,58.08,2.93,2.98,2.14,Normal
2025-01-01 05:56:00,399.91,397.27,398.15,17.16,17.31,15.45,62.86,2.65,2.47,2.2,Normal
2025-01-01 05:57:00,398.56,401.96,400.72,14.94,16.75,16.17,55.48,2.38,2.05,2.22,Normal
2025-01-01 05:58:00,401.61,392.61,391.12,17.52,17.66,15.26,54.62,1.9,2.22,1.88,Normal
2025-01-01 05:59:00,395.86,400.92,402.04,16.08,17.74,16.78,55.6,3.47,2.2,2.09,Normal
2025-01-01 06:00:00,402.6,399.92,394.85,15.9,17.36,17.0,60.4,2.12,2.83,2.43,Normal
2025-01-01 06:01:00,407.66,402.9,393.24,15.36,16.22,17.16,60.86,2.83,2.63,2.42,Normal
2025-01-01 06:02:00,399.46,400.6,392.39,15.24,17.31,17.1,57.6,3.03,1.84,1.99,Normal
2025-01-01 06:03:00,402.01,395.13,405.56,15.68,18.23,16.1,60.0,2.22,2.28,2.04,Normal
2025-01-01 06:04:00,403.45,405.98,396.85,16.32,16.43,16.84,61.42,3.02,2.94,2.33,Normal
2025-01-01 06:05:00,397.99,399.21,407.67,18.98,19.12,15.52,62.23,2.88,2.68,1.55,Normal
2025-01-01 06:06:00,401.12,399.86,397.32,16.49,16.49,18.38,58.17,3.36,2.78,1.9,Normal
2025-01-01 06:07:00,400.06,395.33,391.46,17.19,17.05,16.71,54.07,2.27,2.69,2.4,Normal
2025-01-01 06:08:00,400.49,397.78,394.42,17.41,16.34,16.52,57.04,1.86,3.31,2.29,Normal
2025-01-01 06:09:00,396.13,395.58,406.18,17.14,17.23,18.6,57.84,2.25,2.62,2.11,Normal
2025-01-01 06:10:00,400.12,399.14,399.22,16.93,15.26,15.76,58.19,2.6,2.31,1.55,Normal
2025-01-01 06:11:00,402.49,408.56,397.26,15.81,16.46,15.88,58.34,2.53,2.04,1.99,Normal
2025-01-01 06:12:00,407.26,393.14,400.8,18.45,15.91,15.91,60.96,2.3,2.62,1.82,Normal
2025-01-01 06:13:00,404.8,391.93,402.51,18.81,17.14,16.93,61.28,1.55,1.28,2.1,Normal
2025-01-01 06:14:00,410.77,407.36,405.59,15.32,17.99,17.43,58.4,2.74,2.41,1.76,Normal
2025-01-01 06:15:00,396.16,398.95,407.24,15.98,17.65,17.74,60.95,3.49,2.4,1.69,Normal
2025-01-01 06:16:00,404.36,396.65,398.2,16.72,14.63,19.57,59.48,2.73,1.82,1.38,Normal
2025-01-01 06:17:00,400.92,405.2,393.37,16.04,19.04,14.75,58.9,2.8,2.04,2.37,Normal
2025-01-01 06:18:00,410.95,396.97,397.93,17.51,17.3,17.61,60.6,2.79,2.9,1.88,Normal
2025-01-01 06:19:00,395.96,409.13,401.3,16.28,16.23,16.45,58.94,2.7,2.62,2.05,Normal
2025-01-01 06:20:00,395.8,403.39,395.18,19.17,17.16,16.42,62.92,2.97,2.55,2.0,Normal
2025-01-01 06:21:00,397.0,397.56,395.21,18.2,17.19,16.39,55.94,2.7,2.65,1.68,Normal
2025-01-01 06:22:00,389.38,410.79,401.72,17.23,16.35,16.1,57.79,2.34,2.55,1.62,Normal
2025-01-01 06:23:00,397.37,396.97,399.76,18.04,17.21,18.7,58.58,2.1,3.12,1.7,Normal
2025-01-01 06:24:00,396.2,403.71,400.16,18.13,16.41,17.86,59.72,2.38,2.56,1.78,Normal
2025-01-01 06:25:00,400.75,401.5,396.21,16.46,16.62,17.05,61.39,2.66,1.77,2.11,Normal
2025-01-01 06:26:00,401.71,406.51,398.85,16.21,16.34,18.38,58.82,2.34,3.32,1.76,Normal
2025-01-01 06:27:00,409.38,407.81,395.38,17.11,15.6,15.52,56.03,2.66,2.69,2.52,Normal
2025-01-01 06:28:00,404.75,400.16,404.45,17.9,17.19,15.71,60.57,2.72,2.21,2.31,Normal
2025-01-01 06:29:00,397.12,396.23,405.18,17.19,17.63,14.87,60.4,2.92,1.87,2.24,Normal
2025-01-01 06:30:00,395.51,402.3,390.77,15.48,17.57,16.36,55.02,3.14,2.7,1.96,Normal
2025-01-01 06:31:00,402.46,396.61,395.35,16.26,17.88,17.23,58.91,2.54,2.44,2.45,Normal
2025-01-01 06:32:00,393.4,410.07,392.52,17.0,17.4,17.17,55.74,1.85,3.29,1.93,Normal
2025-01-01 06:33:00,409.16,400.68,396.75,17.0,16.55,17.23,57.6,2.33,2.33,1.99,Normal
2025-01-01 06:34:00,405.9,398.17,399.58,19.06,17.93,15.68,57.14,2.52,2.08,2.05,Normal
2025-01-01 06:35:00,397.65,400.92,392.75,15.71,15.74,17.9,60.57,1.58,2.95,2.21,Normal
2025-01-01 06:36:00,391.43,393.26,395.39,17.61,16.21,17.35,59.2,3.19,2.96,2.19,Normal
2025-01-01 06:37:00,406.77,395.14,394.98,18.61,16.15,17.85,56.4,2.57,2.58,1.86,Normal
2025-01-01 06:38:00,399.43,406.0,401.04,19.4,18.21,15.24,60.74,2.69,2.84,1.84,Normal
2025-01-01 06:39:00,406.19,396.72,400.35,16.74,18.08,17.45,56.13,3.18,2.48,2.19,Normal
2025-01-01 06:40:00,392.03,394.77,396.39,17.64,17.64,15.96,59.66,2.18,2.62,2.21,Normal
2025-01-01 06:41:00,397.0,402.68,400.88,17.73,18.24,16.77,57.39,2.79,3.08,1.88,Normal
2025-01-01 06:42:00,400.03,405.93,397.27,17.37,16.3,17.71,58.29,2.45,2.81,1.52,Normal
2025-01-01 06:43:00,400.23,403.59,398.64,17.09,17.54,17.28,60.04,2.41,2.42,1.94,Normal
2025-01-01 06:44:00,397.75,404.98,408.37,17.64,17.08,16.35,60.09,2.11,3.18,2.19,Normal
2025-01-01 06:45:00,403.11,396.22,406.7,14.68,18.06,17.22,61.73,3.33,1.32,2.54,Normal
2025-01-01 06:46:00,394.66,392.89,393.5,17.91,17.12,15.7,58.9,2.31,3.53,1.64,Normal
2025-01-01 06:47:00,399.29,407.51,404.15,17.37,16.86,18.4,59.69,2.85,1.65,1.87,Normal
2025-01-01 06:48:00,400.6,398.39,404.06,17.04,17.8,17.06,58.21,1.56,2.19,1.88,Normal
2025-01-01 06:49:00,402.57,398.75,394.26,19.32,18.15,18.39,59.46,3.09,2.48,2.41,Normal
2025-01-01 06:50:00,403.56,406.64,404.09,16.62,16.62,16.77,59.98,3.03,2.43,1.99,Normal
2025-01-01 06:51:00,394.38,402.78,407.69,16.91,17.25,16.79,58.92,2.55,3.0,1.73,Normal
2025-01-01 06:52:00,392.33,402.28,394.39,19.32,16.27,16.56,55.52,2.39,1.97,2.17,Normal
2025-01-01 06:53:00,406.39,410.83,395.41,16.51,14.84,18.22,59.8,2.7,2.63,1.88,Normal
2025-01-01 06:54:00,401.66,396.78,405.09,16.81,17.56,16.65,59.87,3.64,2.21,1.63,Warning
2025-01-01 06:55:00,396.26,404.64,401.36,17.23,17.99,18.02,57.79,1.62,2.65,1.73,Normal
2025-01-01 06:56:00,407.76,400.29,402.76,18.24,17.66,17.01,56.6,2.89,2.47,2.52,Normal
2025-01-01 06:57:00,400.58,401.34,401.7,17.62,15.47,15.44,62.13,2.04,2.55,2.12,Normal
2025-01-01 06:58:00,405.9,407.64,401.95,16.14,17.08,16.87,60.17,2.49,2.23,2.03,Normal
2025-01-01 06:59:00,400.34,402.54,393.37,16.92,15.24,16.28,58.74,2.38,2.24,1.93,Normal
2025-01-01 07:00:00,410.3,402.69,405.24,16.87,18.85,17.51,56.93,2.29,2.64,2.09,Normal
2025-01-01 07:01:00,408.78,405.36,405.85,17.42,16.41,16.31,57.57,2.49,2.97,2.08,Normal
2025-01-01 07:02:00,398.76,398.18,398.85,17.94,18.77,18.44,61.83,1.93,2.2,2.09,Normal
2025-01-01 07:03:00,404.86,395.8,399.78,17.96,18.48,17.45,59.51,3.01,2.07,2.03,Normal
2025-01-01 07:04:00,403.23,394.78,392.34,15.78,16.66,17.38,58.14,1.6,2.81,2.26,Normal
2025-01-01 07:05:00,406.84,390.17,402.57,18.65,16.45,18.24,60.27,2.77,2.48,2.01,Normal
2025-01-01 07:06:00,395.18,410.28,402.86,17.86,17.96,18.57,57.64,2.34,2.92,1.71,Normal
2025-01-01 07:07:00,403.43,394.48,399.69,19.01,16.78,17.61,62.28,1.91,2.05,1.82,Normal
2025-01-01 07:08:00,405.29,398.89,405.62,18.1,17.75,16.88,61.99,2.6,1.61,1.41,Normal
2025-01-01 07:09:00,391.21,398.62,398.33,18.78,17.19,15.9,58.36,1.72,2.23,2.61,Normal
2025-01-01 07:10:00,394.08,401.54,402.82,18.17,15.92,17.01,58.05,2.52,2.12,2.26,Normal
2025-01-01 07:11:00,389.8,404.08,394.9,19.07,15.49,17.11,54.08,1.79,2.46,1.75,Normal
2025-01-01 07:12:00,398.65,404.3,399.88,18.27,17.97,17.86,56.36,2.73,2.18,1.92,Normal
2025-01-01 07:13:00,403.59,397.08,399.13,17.68,17.21,17.43,56.66,2.04,2.87,1.81,Normal
2025-01-01 07:14:00,407.51,399.16,401.13,20.07,17.25,18.49,59.61,2.27,2.36,2.46,Normal
2025-01-01 07:15:00,400.37,401.41,398.15,18.71,18.52,17.21,58.7,2.65,2.58,1.57,Normal
2025-01-01 07:16:00,408.14,398.76,399.34,18.42,19.02,17.79,56.67,2.11,2.58,2.03,Normal
2025-01-01 07:17:00,393.1,408.04,404.13,16.6,17.6,19.06,58.81,2.47,2.6,1.97,Normal
2025-01-01 07:18:00,391.48,402.45,397.82,16.62,17.56,18.25,60.4,1.74,2.49,2.25,Normal
2025-01-01 07:19:00,399.72,403.67,391.97,18.22,18.43,17.87,60.45,2.82,2.76,1.97,Normal
2025-01-01 07:20:00,401.92,403.31,408.75,18.1,16.6,17.36,55.61,3.38,2.1,1.47,Normal
2025-01-01 07:21:00,399.84,405.87,406.91,17.37,18.21,17.35,59.16,3.9,3.2,1.92,Warning
2025-01-01 07:22:00,389.66,400.91,393.54,18.16,18.57,17.16,56.66,2.55,2.38,1.71,Normal
2025-01-01 07:23:00,399.55,393.52,403.45,19.63,18.72,17.5,61.24,2.89,1.84,2.02,Normal
2025-01-01 07:24:00,393.48,402.0,397.49,18.77,16.13,18.83,61.01,1.61,2.59,2.43,Normal
2025-01-01 07:25:00,403.35,396.74,401.32,16.96,17.34,17.88,57.66,3.25,2.07,1.48,Normal
2025-01-01 07:26:00,401.83,397.36,401.47,18.02,17.25,16.78,57.93,2.89,2.83,1.76,Normal
2025-01-01 07:27:00,395.3,402.93,398.83,17.35,18.26,19.93,58.55,2.26,3.6,1.83,Normal
2025-01-01 07:28:00,397.43,406.19,396.08,17.8,18.67,18.51,54.98,3.12,2.11,1.89,Normal
2025-01-01 07:29:00,394.7,400.11,396.55,17.81,19.72,16.81,60.17,2.37,2.67,2.22,Normal
2025-01-01 07:30:00,399.69,401.54,395.42,17.77,17.76,17.81,58.96,2.27,1.62,1.95,Normal
2025-01-01 07:31:00,404.78,408.51,395.84,17.03,17.78,18.39,61.45,2.74,2.73,2.12,Normal
2025-01-01 07:32:00,395.07,401.2,399.66,18.18,19.46,20.02,57.33,1.97,2.06,1.81,Normal
2025-01-01 07:33:00,402.52,413.01,396.42,17.78,18.64,17.24,58.3,3.01,2.19,2.07,Normal
2025-01-01 07:34:00,397.35,402.83,403.41,15.45,19.64,19.35,56.53,1.97,1.95,2.23,Normal
2025-01-01 07:35:00,396.04,391.2,407.44,20.46,18.7,19.81,57.55,1.97,2.87,1.78,Normal
2025-01-01 07:36:00,399.46,403.77,397.1,19.53,17.28,17.81,57.2,2.05,3.0,2.23,Normal
2025-01-01 07:37:00,394.82,401.91,401.2,18.1,17.14,18.19,61.57,2.88,2.51,2.02,Normal
2025-01-01 07:38:00,397.23,406.45,402.5,18.52,16.95,17.47,58.19,2.19,2.07,2.31,Normal
2025-01-01 07:39:00,394.01,403.37,402.36,17.37,19.2,18.33,59.84,1.83,3.29,1.94,Normal
2025-01-01 07:40:00,409.82,399.31,400.38,20.27,19.76,18.53,58.84,2.2,2.12,2.11,Normal
2025-01-01 07:41:00,400.18,393.88,403.71,20.5,20.45,19.26,57.08,2.48,1.42,1.99,Normal
2025-01-01 07:42:00,396.5,398.95,402.41,18.79,19.48,19.73,59.29,1.91,2.73,1.97,Normal
2025-01-01 07:43:00,401.07,395.75,393.81,19.69,19.83,17.92,60.83,1.92,1.95,2.08,Normal
2025-01-01 07:44:00,399.44,397.1,404.35,18.88,18.12,16.74,57.23,3.56,2.99,2.16,Warning
2025-01-01 07:45:00,398.9,402.94,404.44,17.4,17.58,18.72,61.27,2.07,2.31,1.63,Normal
2025-01-01 07:46:00,403.07,408.35,396.18,18.36,19.62,19.07,57.97,2.34,2.8,2.43,Normal
2025-01-01 07:47:00,403.79,401.97,400.19,18.94,19.23,19.06,58.71,2.32,3.2,1.44,Normal
2025-01-01 07:48:00,397.35,394.02,403.42,18.39,18.95,18.52,60.75,2.29,1.9,1.79,Normal
2025-01-01 07:49:00,397.12,402.22,398.95,18.66,19.26,19.0,58.37,2.81,2.22,1.97,Normal
2025-01-01 07:50:00,398.62,405.98,405.36,18.82,19.24,20.43,59.78,2.97,2.46,2.12,Normal
2025-01-01 07:51:00,388.49,396.95,411.82,18.87,20.23,19.33,59.09,2.35,3.27,2.47,Normal
2025-01-01 07:52:00,392.42,399.33,396.07,19.04,20.28,18.61,59.98,1.88,2.17,1.44,Normal
2025-01-01 07:53:00,406.83,400.07,393.09,17.96,19.56,18.52,54.97,3.14,2.2,1.85,Normal
2025-01-01 07:54:00,408.22,396.08,401.52,18.34,19.9,18.88,56.09,2.45,2.74,1.36,Normal
2025-01-01 07:55:00,398.75,403.24,403.61,17.81,19.6,20.73,60.99,3.37,2.21,2.01,Normal
2025-01-01 07:56:00,402.88,399.4,398.85,20.1,18.66,18.94,61.84,1.38,2.58,2.08,Normal
2025-01-01 07:57:00,401.56,402.1,407.27,17.06,19.92,19.14,57.95,2.6,1.72,2.48,Normal
2025-01-01 07:58:00,415.39,395.56,393.31,20.35,17.8,18.72,59.3,3.46,3.61,2.04,Normal
2025-01-01 07:59:00,405.6,397.81,403.46,20.62,20.29,20.33,60.38,2.32,1.83,2.31,Normal
2025-01-01 08:00:00,399.36,403.61,396.97,18.97,18.08,21.23,61.19,2.39,2.34,2.18,Normal
2025-01-01 08:01:00,395.22,398.14,408.6,16.71,19.59,19.76,55.76,2.65,2.48,1.87,Normal
2025-01-01 08:02:00,391.97,408.63,409.96,18.98,18.5,19.43,58.05,2.22,3.46,1.58,Normal
2025-01-01 08:03:00,401.02,398.0,396.17,19.32,19.94,19.42,59.17,2.34,1.84,2.08,Normal
2025-01-01 08:04:00,396.22,401.12,397.25,18.41,19.38,17.03,61.25,2.33,3.49,1.55,Normal
2025-01-01 08:05:00,392.89,404.66,404.3,18.94,17.86,20.2,64.85,2.19,2.88,2.39,Normal
2025-01-01 08:06:00,396.77,392.91,398.06,21.02,19.91,19.63,59.41,3.11,2.71,1.95,Normal
2025-01-01 08:07:00,394.59,391.2,399.77,20.2,18.95,19.96,57.06,2.73,2.01,2.36,Normal
2025-01-01 08:08:00,408.44,392.37,400.13,18.64,20.45,18.86,60.69,2.63,2.79,1.86,Normal
2025-01-01 08:09:00,404.41,406.31,390.4,18.01,19.61,19.22,62.54,2.9,2.14,2.08,Normal
2025-01-01 08:10:00,399.96,397.24,399.93,19.32,20.04,19.23,60.12,2.37,3.13,2.06,Normal
2025-01-01 08:11:00,407.4,412.79,396.55,19.47,18.72,20.7,58.1,2.11,2.01,1.99,Normal
2025-01-01 08:12:00,400.39,397.18,397.53,20.21,19.13,19.34,61.84,2.2,2.44,1.87,Normal
2025-01-01 08:13:00,395.69,400.92,407.22,19.22,19.3,21.84,61.26,2.5,2.22,2.12,Normal
2025-01-01 08:14:00,407.62,407.71,393.72,20.3,20.65,20.22,57.89,1.97,2.01,1.72,Normal
2025-01-01 08:15:00,402.69,410.03,404.07,21.77,21.51,18.55,60.72,2.25,2.87,1.64,Normal
2025-01-01 08:16:00,394.81,410.31,398.61,20.68,19.06,19.74,61.96,2.24,2.77,2.37,Normal
2025-01-01 08:17:00,399.05,406.04,398.6,19.86,20.98,19.25,62.34,3.56,3.1,2.22,Warning
2025-01-01 08:18:00,395.62,405.12,403.95,19.76,17.77,17.75,59.85,1.11,1.61,2.02,Normal
2025-01-01 08:19:00,393.09,402.96,401.7,19.62,18.79,21.58,59.28,2.41,3.03,2.5,Normal
2025-01-01 08:20:00,404.63,403.89,402.85,21.2,19.06,20.72,62.46,3.36,3.75,1.92,Normal
2025-01-01 08:21:00,409.55,397.24,404.84,19.43,18.7,20.59,57.59,2.56,2.27,2.4,Normal
2025-01-01 08:22:00,393.01,395.91,398.34,20.14,18.51,20.26,60.9,2.88,3.45,2.05,Normal
2025-01-01 08:23:00,402.81,399.98,396.94,20.18,20.55,18.75,57.29,2.55,2.37,1.69,Normal
2025-01-01 08:24:00,396.75,399.15,394.57,19.67,19.96,19.69,62.18,2.17,1.81,2.55,Normal
2025-01-01 08:25:00,397.56,397.73,395.87,18.83,20.59,21.05,59.54,1.38,2.35,2.3,Normal
2025-01-01 08:26:00,397.04,403.48,414.75,20.57,20.94,19.19,62.6,2.6,3.02,1.96,Normal
2025-01-01 08:27:00,395.68,404.78,406.22,20.22,20.55,17.75,61.06,2.11,2.08,2.22,Normal
2025-01-01 08:28:00,400.24,400.44,393.24,20.82,20.98,20.09,57.64,2.1,2.2,1.88,Normal
2025-01-01 08:29:00,395.85,407.39,393.39,19.82,20.29,20.22,62.94,2.25,2.8,2.25,Normal
2025-01-01 08:30:00,401.35,394.29,402.41,21.62,19.21,20.53,63.21,3.37,2.5,1.28,Normal
2025-01-01 08:31:00,399.75,399.03,402.74,19.56,21.49,21.16,61.88,3.7,2.79,1.69,Warning
2025-01-01 08:32:00,398.81,396.42,402.74,22.18,19.88,21.11,58.6,2.61,2.62,2.29,Normal
2025-01-01 08:33:00,395.46,390.67,398.73,18.76,19.57,20.77,59.52,2.27,2.74,1.93,Normal
2025-01-01 08:34:00,397.12,399.59,399.37,20.98,20.37,21.74,60.44,1.91,2.28,2.06,Normal
2025-01-01 08:35:00,403.78,399.39,401.64,21.06,19.67,19.06,58.75,2.73,2.62,1.6,Normal
2025-01-01 08:36:00,402.5,407.57,400.43,19.82,20.2,21.12,63.55,3.39,2.04,2.55,Normal
2025-01-01 08:37:00,395.11,403.15,388.9,21.08,21.0,21.28,60.46,2.38,3.14,2.36,Normal
2025-01-01 08:38:00,400.5,394.88,398.85,21.97,21.04,19.45,54.78,1.31,2.18,1.94,Normal
2025-01-01 08:39:00,403.76,409.27,395.74,18.51,19.83,19.23,60.87,2.84,3.06,1.88,Normal
2025-01-01 08:40:00,391.65,406.11,400.88,21.27,20.28,20.02,59.51,2.99,2.38,2.31,Normal
2025-01-01 08:41:00,402.72,402.91,414.93,18.31,21.88,20.14,60.07,1.71,2.6,2.59,Normal
2025-01-01 08:42:00,396.69,398.87,401.84,19.87,21.33,21.59,59.49,2.59,2.25,2.29,Normal
2025-01-01 08:43:00,402.85,395.2,398.43,22.5,22.95,20.26,61.85,2.73,1.99,2.65,Normal
2025-01-01 08:44:00,396.18,398.14,404.61,20.33,22.09,20.05,62.48,2.46,1.63,1.72,Normal
2025-01-01 08:45:00,390.98,405.44,402.41,19.77,22.09,20.33,60.82,2.1,1.97,1.75,Normal
2025-01-01 08:46:00,391.86,409.42,402.1,20.78,19.59,22.1,59.59,3.01,2.34,1.64,Normal
2025-01-01 08:47:00,400.24,407.72,403.03,23.09,21.78,21.03,60.19,2.3,2.61,2.13,Normal
2025-01-01 08:48:00,401.3,397.56,410.28,19.22,21.0,20.87,60.32,1.76,3.01,2.05,Normal
2025-01-01 08:49:00,395.48,394.4,394.35,20.04,20.54,20.98,58.69,1.48,2.28,1.95,Normal
2025-01-01 08:50:00,403.19,400.7,402.37,22.62,21.29,22.42,61.46,3.13,2.06,2.24,Normal
2025-01-01 08:51:00,391.69,391.16,395.37,23.02,22.1,20.41,61.24,2.81,1.78,2.37,Normal
2025-01-01 08:52:00,399.67,401.62,402.78,21.09,21.69,22.51,63.41,2.54,2.74,1.54,Normal
2025-01-01 08:53:00,393.94,399.26,395.41,19.99,20.35,21.44,62.85,2.28,3.19,1.82,Normal
2025-01-01 08:54:00,396.74,397.67,397.91,23.36,22.0,21.1,58.97,2.24,3.13,2.25,Normal
2025-01-01 08:55:00,400.24,392.03,398.52,22.89,20.66,23.8,62.0,1.96,2.85,1.86,Normal
2025-01-01 08:56:00,395.7,402.57,404.88,22.01,21.55,20.27,58.46,2.28,2.82,1.76,Normal
2025-01-01 08:57:00,398.08,397.34,404.59,20.55,21.06,21.01,61.77,1.44,3.35,2.31,Normal
2025-01-01 08:58:00,405.03,394.15,393.77,21.35,21.18,20.16,59.35,2.13,2.67,1.61,Normal
2025-01-01 08:59:00,397.12,385.64,400.27,21.27,22.2,22.38,58.35,2.34,2.82,1.91,Normal
2025-01-01 09:00:00,404.18,399.86,396.45,21.79,20.42,23.15,60.97,2.8,2.34,2.1,Normal
2025-01-01 09:01:00,394.35,408.86,393.71,22.95,23.44,23.17,55.07,2.48,1.82,1.83,Normal
2025-01-01 09:02:00,402.65,408.31,398.91,22.41,19.71,22.75,56.92,2.9,2.16,2.23,Normal
2025-01-01 09:03:00,407.21,397.71,398.46,20.48,20.96,21.36,60.08,3.17,2.5,1.83,Normal
2025-01-01 09:04:00,387.64,396.99,412.13,22.97,21.96,21.23,60.61,3.03,2.53,2.42,Normal
2025-01-01 09:05:00,396.02,402.34,402.16,21.94,22.21,19.95,59.72,2.74,3.46,1.96,Normal
2025-01-01 09:06:00,402.89,395.01,393.11,22.34,21.56,23.69,57.31,2.51,2.54,2.2,Normal
2025-01-01 09:07:00,398.98,401.51,397.18,23.15,21.63,22.16,58.84,2.01,3.09,2.22,Normal
2025-01-01 09:08:00,401.86,403.83,405.11,20.61,22.13,21.23,61.27,2.87,2.28,1.81,Normal
2025-01-01 09:09:00,396.98,406.13,410.44,21.71,21.52,23.08,61.66,3.34,2.34,1.38,Normal
2025-01-01 09:10:00,400.43,399.5,392.07,21.25,23.17,20.81,60.47,2.67,1.84,2.11,Normal
2025-01-01 09:11:00,399.22,398.98,390.6,20.24,22.65,22.22,62.83,3.46,2.13,2.02,Normal
2025-01-01 09:12:00,405.84,395.61,409.35,22.19,22.71,21.67,61.32,1.74,2.76,2.17,Normal
2025-01-01 09:13:00,401.27,395.87,401.95,24.38,20.9,22.51,59.04,1.92,2.5,1.93,Normal
2025-01-01 09:14:00,401.69,398.87,395.66,20.06,21.82,21.84,59.98,2.93,2.97,1.87,Normal
2025-01-01 09:15:00,397.94,401.84,402.67,21.9,21.63,20.48,57.75,2.63,2.59,2.6,Normal
2025-01-01 09:16:00,397.56,404.57,386.82,22.6,20.95,22.03,60.35,3.16,2.32,1.56,Normal
2025-01-01 09:17:00,397.84,395.98,400.02,22.11,22.35,23.03,62.8,2.49,3.57,2.22,Normal
2025-01-01 09:18:00,401.97,407.46,401.64,21.9,21.48,21.98,61.96,2.07,2.45,1.83,Normal
2025-01-01 09:19:00,397.9,398.64,404.62,20.74,22.7,22.82,63.4,2.39,3.08,1.9,Normal
2025-01-01 09:20:00,401.45,399.89,394.93,22.3,21.0,21.02,60.0,1.73,2.3,1.9,Normal
2025-01-01 09:21:00,410.38,396.26,400.43,21.34,23.82,22.07,63.31,1.94,2.85,1.76,Normal
2025-01-01 09:22:00,404.36,387.88,395.37,19.93,21.23,21.5,60.24,2.99,2.96,2.17,Normal
2025-01-01 09:23:00,398.37,404.42,401.28,23.34,22.37,22.9,63.58,2.94,2.6,2.42,Normal
2025-01-01 09:24:00,406.01,403.68,395.52,23.13,22.97,22.21,60.6,2.68,1.32,2.14,Normal
2025-01-01 09:25:00,397.96,398.59,397.96,22.25,21.63,22.89,62.07,1.64,2.51,2.03,Normal
2025-01-01 09:26:00,389.81,400.33,395.02,22.46,23.08,23.31,63.62,2.32,3.12,1.7,Normal
2025-01-01 09:27:00,394.96,402.58,403.26,23.33,21.02,22.94,60.29,1.89,2.76,2.16,Normal
2025-01-01 09:28:00,390.65,392.19,404.29,22.5,23.73,22.55,61.12,3.09,2.72,2.65,Normal
2025-01-01 09:29:00,398.24,397.35,398.83,23.21,22.32,21.3,63.27,2.21,1.64,1.89,Normal
2025-01-01 09:30:00,400.09,403.97,400.19,22.03,21.73,22.32,60.44,1.96,2.14,1.89,Normal
2025-01-01 09:31:00,408.38,393.73,392.76,23.66,22.05,21.82,58.07,2.51,2.71,1.83,Normal
2025-01-01 09:32:00,401.63,401.47,398.5,22.69,23.18,22.03,65.01,2.18,2.71,1.85,Normal
2025-01-01 09:33:00,398.9,393.22,399.75,22.59,21.81,22.02,59.8,3.24,3.11,1.18,Normal
2025-01-01 09:34:00,404.15,402.33,413.1,21.15,21.67,21.44,61.06,2.13,2.43,2.12,Normal
2025-01-01 09:35:00,388.94,399.82,394.44,22.73,22.22,20.48,63.07,1.8,2.7,1.75,Normal
2025-01-01 09:36:00,401.18,391.92,407.32,21.63,21.28,21.79,59.55,1.42,2.51,1.52,Normal
2025-01-01 09:37:00,403.85,405.82,404.98,21.84,24.3,22.68,58.76,2.48,2.01,2.23,Normal
2025-01-01 09:38:00,392.61,396.33,401.4,21.69,21.94,21.16,61.29,2.22,1.37,1.68,Normal
2025-01-01 09:39:00,405.72,395.95,408.79,21.46,23.36,22.54,57.21,1.79,2.72,1.9,Normal
2025-01-01 09:40:00,401.69,401.0,401.86,24.67,22.75,24.44,60.23,3.09,2.59,2.44,Normal
2025-01-01 09:41:00,397.92,405.74,401.95,23.9,21.58,23.59,61.31,2.83,2.19,1.58,Normal
2025-01-01 09:42:00,403.16,394.92,399.73,24.5,22.58,24.23,60.29,2.49,1.69,1.54,Normal
2025-01-01 09:43:00,411.35,400.31,406.12,21.38,23.39,22.99,57.75,3.18,2.81,2.08,Normal
2025-01-01 09:44:00,400.91,402.14,405.48,22.69,22.43,23.79,64.03,2.83,2.37,2.34,Normal
2025-01-01 09:45:00,401.24,403.47,396.87,21.35,23.83,21.92,61.06,2.09,2.78,1.53,Normal
2025-01-01 09:46:00,397.7,400.88,393.4,21.96,23.68,22.01,63.73,1.98,3.43,2.12,Normal
2025-01-01 09:47:00,395.75,398.16,398.99,21.76,23.59,19.94,60.36,2.91,1.43,2.17,Normal
2025-01-01 09:48:00,404.15,395.86,396.0,23.93,22.23,23.88,59.13,2.7,2.15,1.38,Normal
2025-01-01 09:49:00,395.72,400.43,399.68,22.31,21.63,24.25,61.43,2.58,2.4,2.24,Normal
2025-01-01 09:50:00,400.36,394.64,406.19,23.79,22.11,22.17,60.47,2.08,3.23,2.26,Normal
2025-01-01 09:51:00,397.61,385.39,397.71,23.34,22.94,22.49,58.56,2.8,1.68,1.91,Normal
2025-01-01 09:52:00,402.39,402.18,399.79,25.06,23.3,22.0,63.87,2.12,3.47,2.38,Normal
2025-01-01 09:53:00,401.67,404.52,400.29,21.29,20.6,23.15,59.69,2.45,2.57,2.34,Normal
2025-01-01 09:54:00,405.19,388.19,404.24,24.04,22.78,23.91,57.27,3.22,2.45,2.03,Normal
2025-01-01 09:55:00,397.45,394.95,388.77,23.94,22.96,21.05,63.61,2.17,2.4,1.86,Normal
2025-01-01 09:56:00,398.65,403.1,396.97,21.84,22.53,23.22,59.96,1.71,2.28,1.71,Normal
2025-01-01 09:57:00,395.11,410.29,401.06,23.83,24.12,22.55,59.76,1.97,3.02,1.99,Normal
2025-01-01 09:58:00,397.78,400.1,406.0,23.17,23.26,22.95,57.46,3.0,1.97,2.17,Normal
2025-01-01 09:59:00,401.89,396.36,397.54,22.62,24.16,23.31,64.48,2.63,2.67,1.9,Normal
2025-01-01 10:00:00,388.78,399.09,390.62,22.04,22.64,22.67,58.43,2.44,2.31,1.34,Normal
2025-01-01 10:01:00,380.39,406.87,403.1,22.15,23.81,22.77,61.13,2.25,2.12,2.38,Normal
2025-01-01 10:02:00,389.35,396.77,396.82,24.93,24.52,22.67,62.85,2.74,3.79,2.06,Normal
2025-01-01 10:03:00,391.78,396.0,394.05,22.89,24.2,23.86,61.88,2.08,2.71,1.89,Normal
2025-01-01 10:04:00,387.07,397.59,396.88,23.68,21.81,23.32,60.93,2.65,2.81,2.26,Normal
2025-01-01 10:05:00,394.38,395.23,399.08,22.12,22.66,23.13,57.65,2.13,3.07,2.46,Normal
2025-01-01 10:06:00,381.13,400.61,396.98,22.14,22.58,21.65,59.45,2.05,1.79,1.16,Normal
2025-01-01 10:07:00,378.78,408.12,388.97,24.01,23.42,22.55,61.45,2.18,3.38,2.13,Normal
2025-01-01 10:08:00,376.11,401.62,404.49,21.59,23.62,23.84,59.51,2.31,1.25,1.57,Normal
2025-01-01 10:09:00,392.48,398.74,406.37,22.53,22.11,22.98,61.5,2.48,2.12,2.15,Normal
2025-01-01 10:10:00,388.27,398.54,403.26,22.99,23.02,23.61,62.47,2.62,2.27,2.04,Normal
2025-01-01 10:11:00,384.72,392.18,394.31,23.07,20.94,24.72,63.04,0.66,2.79,2.19,Normal
2025-01-01 10:12:00,386.4,404.42,398.99,22.78,24.41,24.0,58.67,2.1,2.61,1.85,Normal
2025-01-01 10:13:00,379.37,399.61,399.97,23.37,22.46,23.06,65.53,2.3,2.42,1.44,Normal
2025-01-01 10:14:00,397.23,399.1,402.99,23.67,23.03,22.46,62.68,3.25,2.49,1.86,Normal
2025-01-01 10:15:00,385.65,415.97,403.34,23.71,22.67,20.43,61.15,1.96,2.01,2.12,Normal
2025-01-01 10:16:00,385.55,401.49,396.33,22.0,24.13,22.81,63.35,2.58,1.75,2.3,Normal
2025-01-01 10:17:00,388.63,396.24,400.41,22.7,20.15,22.66,65.91,3.25,2.86,1.65,Normal
2025-01-01 10:18:00,387.41,397.87,402.29,24.19,22.97,23.38,58.31,1.84,2.85,2.31,Normal
2025-01-01 10:19:00,386.12,405.74,407.28,23.89,22.89,22.84,60.75,2.7,3.29,1.81,Normal
2025-01-01 10:20:00,381.05,400.57,403.52,21.62,22.54,22.68,56.45,2.1,2.1,2.11,Normal
2025-01-01 10:21:00,387.36,392.81,403.95,23.35,24.72,21.22,61.6,2.25,2.85,1.85,Normal
2025-01-01 10:22:00,394.41,404.6,400.42,21.02,22.11,22.06,61.96,2.1,2.36,2.05,Normal
2025-01-01 10:23:00,391.73,396.66,407.05,23.05,23.77,23.48,61.16,2.13,3.1,2.27,Normal
2025-01-01 10:24:00,392.97,409.37,402.05,24.9,23.36,24.72,59.94,3.86,3.01,1.63,Warning
2025-01-01 10:25:00,382.44,405.4,395.69,22.05,24.26,22.9,57.16,2.92,2.61,1.8,Normal
2025-01-01 10:26:00,380.05,397.76,407.02,22.17,22.33,23.33,62.01,3.05,2.33,2.06,Normal
2025-01-01 10:27:00,384.37,406.41,403.49,23.76,22.27,23.95,64.19,2.75,2.98,2.72,Normal
2025-01-01 10:28:00,385.28,400.34,397.78,21.45,24.09,22.19,60.1,1.7,2.82,1.74,Normal
2025-01-01 10:29:00,390.47,404.26,397.6,22.36,23.42,23.36,62.18,2.7,2.16,2.61,Normal
2025-01-01 10:30:00,376.54,402.42,401.48,23.59,21.45,22.25,58.17,3.04,1.84,2.6,Normal
2025-01-01 10:31:00,392.65,395.77,402.32,22.36,22.45,23.85,62.23,2.07,2.36,1.97,Normal
2025-01-01 10:32:00,384.21,396.78,400.99,22.75,23.37,23.14,60.54,2.98,3.26,1.91,Normal
2025-01-01 10:33:00,382.87,405.15,401.56,23.73,23.82,23.28,59.81,2.85,3.07,1.79,Normal
2025-01-01 10:34:00,379.94,398.33,408.5,23.4,22.3,22.2,59.83,3.43,1.94,1.98,Normal
2025-01-01 10:35:00,376.73,397.98,405.36,23.24,20.06,23.68,60.57,2.29,1.92,1.58,Normal
2025-01-01 10:36:00,389.12,395.22,400.95,22.63,23.49,25.05,62.13,1.95,3.14,1.98,Normal
2025-01-01 10:37:00,385.37,402.12,404.71,23.33,21.74,21.95,58.75,2.32,1.93,2.45,Normal
2025-01-01 10:38:00,378.55,410.31,394.84,22.83,20.94,22.62,60.59,3.22,2.75,1.82,Normal
2025-01-01 10:39:00,378.52,394.66,401.99,23.41,20.12,23.18,61.31,1.59,2.19,1.93,Normal
2025-01-01 10:40:00,383.32,400.12,409.05,22.45,23.76,23.73,59.21,1.47,3.31,1.49,Normal
2025-01-01 10:41:00,393.35,407.06,398.91,22.75,23.06,22.38,65.01,2.54,2.11,2.11,Normal
2025-01-01 10:42:00,383.7,399.6,395.76,21.94,22.7,20.09,59.72,2.28,3.07,2.08,Normal
2025-01-01 10:43:00,377.48,402.26,396.74,22.88,24.31,24.28,60.1,2.5,2.59,2.02,Normal
2025-01-01 10:44:00,383.77,394.69,394.55,22.1,23.55,23.67,59.49,2.97,2.63,1.93,Normal
2025-01-01 10:45:00,383.64,402.14,396.08,21.79,24.52,21.16,65.05,2.22,1.51,1.91,Normal
2025-01-01 10:46:00,371.52,399.06,398.15,23.15,21.5,22.28,62.57,1.56,1.4,2.15,Normal
2025-01-01 10:47:00,384.73,404.93,392.97,23.09,22.84,24.45,59.6,3.52,2.39,1.99,Warning
2025-01-01 10:48:00,383.85,405.94,400.08,23.65,21.25,24.32,63.7,2.0,2.62,2.09,Normal
2025-01-01 10:49:00,388.48,412.95,404.51,22.43,22.63,23.8,61.9,1.97,1.94,2.06,Normal
2025-01-01 10:50:00,394.24,402.9,395.46,23.25,22.6,22.67,62.02,3.05,1.96,2.34,Normal
2025-01-01 10:51:00,390.63,401.63,407.6,23.38,23.46,22.92,60.83,2.31,2.78,2.2,Normal
2025-01-01 10:52:00,383.66,400.97,402.55,23.27,22.87,22.69,60.03,2.47,2.78,2.06,Normal
2025-01-01 10:53:00,379.47,398.23,405.15,21.98,23.43,23.94,62.21,2.74,2.43,2.46,Normal
2025-01-01 10:54:00,397.87,401.69,396.71,22.94,23.5,21.92,60.46,3.04,2.89,2.13,Normal
2025-01-01 10:55:00,385.3,398.52,404.27,23.14,24.94,21.97,65.19,2.33,1.91,2.39,Normal
2025-01-01 10:56:00,385.07,400.84,394.54,22.77,22.45,23.78,59.03,3.26,2.32,2.18,Normal
2025-01-01 10:57:00,384.88,406.59,404.45,20.66,21.81,22.71,64.65,1.43,3.32,1.45,Normal
2025-01-01 10:58:00,385.99,394.97,400.86,22.9,22.98,24.11,61.36,2.88,2.53,2.39,Normal
2025-01-01 10:59:00,384.28,405.7,402.77,24.93,21.92,22.05,62.19,2.08,2.56,2.04,Normal
2025-01-01 11:00:00,382.13,406.59,394.12,22.34,24.19,22.65,63.27,3.19,3.65,1.98,Normal
2025-01-01 11:01:00,382.27,399.41,395.52,21.96,22.4,21.76,60.36,2.57,1.8,2.08,Normal
2025-01-01 11:02:00,384.84,389.39,402.99,23.04,22.1,22.68,63.36,2.16,2.9,1.9,Normal
2025-01-01 11:03:00,382.28,396.96,395.26,22.97,22.18,21.17,56.22,2.83,3.33,2.07,Normal
2025-01-01 11:04:00,381.44,406.48,402.32,23.83,23.35,22.15,60.21,2.95,2.34,1.82,Normal
2025-01-01 11:05:00,385.53,399.89,393.16,21.36,22.46,21.18,59.81,2.82,2.93,2.38,Normal
2025-01-01 11:06:00,383.73,395.0,404.24,23.33,21.96,23.29,59.16,1.99,2.01,1.97,Normal
2025-01-01 11:07:00,392.52,397.48,393.84,23.17,24.24,23.3,61.25,2.26,2.16,1.89,Normal
2025-01-01 11:08:00,371.75,404.2,402.76,22.42,21.7,20.83,62.46,2.5,2.69,1.72,Normal
2025-01-01 11:09:00,390.46,402.73,403.13,22.88,22.58,23.87,63.1,2.48,2.9,2.08,Normal
2025-01-01 11:10:00,391.23,398.81,396.52,23.55,23.17,25.02,62.19,2.87,3.06,2.06,Normal
2025-01-01 11:11:00,374.63,398.17,402.91,23.37,20.87,22.54,60.39,1.49,3.28,2.12,Normal
2025-01-01 11:12:00,383.29,398.04,401.3,21.33,22.96,21.84,62.46,2.67,2.47,1.69,Normal
2025-01-01 11:13:00,383.14,395.39,397.31,23.28,21.4,25.28,61.99,2.36,3.1,1.52,Normal
2025-01-01 11:14:00,377.96,408.08,394.96,22.37,23.26,21.12,63.62,2.08,2.33,2.19,Normal
2025-01-01 11:15:00,381.11,398.39,390.19,22.48,21.45,22.43,63.31,2.13,2.95,2.45,Normal
2025-01-01 11:16:00,379.45,406.09,401.75,22.46,23.08,22.57,61.83,2.39,2.6,1.69,Normal
2025-01-01 11:17:00,393.76,407.61,392.18,22.22,23.47,23.71,59.98,0.7,2.72,2.48,Normal
2025-01-01 11:18:00,389.68,404.99,400.48,23.53,23.2,22.7,60.48,2.15,2.71,2.09,Normal
2025-01-01 11:19:00,391.36,397.84,398.68,22.24,22.57,21.82,60.7,2.06,1.7,2.0,Normal
2025-01-01 11:20:00,388.61,402.02,403.4,21.18,22.06,21.34,61.18,2.77,1.94,1.88,Normal
2025-01-01 11:21:00,379.35,399.88,398.49,21.88,21.69,21.93,62.35,2.1,2.55,1.58,Normal
2025-01-01 11:22:00,382.38,395.48,398.35,22.42,23.72,21.24,63.26,2.39,1.66,2.3,Normal
2025-01-01 11:23:00,387.45,401.62,403.66,23.45,21.52,22.27,61.73,3.27,2.92,1.77,Normal
2025-01-01 11:24:00,378.89,394.1,401.68,22.8,21.16,21.63,61.88,3.0,2.94,1.77,Normal
2025-01-01 11:25:00,388.56,405.94,401.58,21.32,22.83,20.68,62.14,2.95,2.66,2.3,Normal
2025-01-01 11:26:00,383.8,397.68,402.35,24.63,21.35,23.4,60.84,2.25,1.94,1.44,Normal
2025-01-01 11:27:00,383.13,401.01,392.32,22.38,21.17,21.62,60.03,2.77,3.19,1.54,Normal
2025-01-01 11:28:00,388.55,401.42,403.78,23.36,20.65,20.82,58.38,2.38,3.52,1.99,Normal
2025-01-01 11:29:00,387.22,398.71,403.06,21.91,21.58,21.89,60.51,2.4,2.57,2.09,Normal
2025-01-01 11:30:00,383.2,402.93,394.92,22.57,21.95,22.1,62.85,2.7,2.76,2.15,Normal
2025-01-01 11:31:00,390.8,397.63,398.78,22.85,22.25,20.26,60.51,2.2,2.6,1.91,Normal
2025-01-01 11:32:00,379.59,404.36,399.8,23.2,22.93,22.31,61.45,3.25,2.77,2.76,Normal
2025-01-01 11:33:00,388.08,393.27,399.33,23.01,22.48,20.9,62.87,2.42,2.44,1.93,Normal
2025-01-01 11:34:00,387.97,400.63,401.67,22.79,21.73,23.63,62.99,2.81,2.48,1.93,Normal
2025-01-01 11:35:00,383.45,409.69,407.16,21.58,21.69,22.42,59.8,3.23,2.95,1.76,Normal
2025-01-01 11:36:00,386.63,395.0,405.41,21.29,22.37,21.46,63.96,3.02,3.67,2.04,Normal
2025-01-01 11:37:00,378.74,396.61,393.44,22.17,23.11,21.09,64.23,1.8,1.8,2.18,Normal
2025-01-01 11:38:00,389.62,402.57,403.11,22.74,21.93,21.7,59.73,2.72,2.45,2.36,Normal
2025-01-01 11:39:00,384.08,400.9,406.64,21.55,21.3,22.39,60.35,2.93,1.91,1.55,Normal
2025-01-01 11:40:00,397.39,401.75,401.93,22.81,20.75,21.72,64.39,2.95,3.3,1.93,Normal
2025-01-01 11:41:00,405.25,402.45,405.45,23.16,20.27,21.49,61.72,1.94,2.21,2.13,Normal
2025-01-01 11:42:00,396.48,403.17,410.06,20.76,22.35,21.74,57.59,2.17,1.78,2.18,Normal
2025-01-01 11:43:00,392.96,405.55,405.12,20.81,22.23,21.04,59.24,3.0,2.82,2.0,Normal
2025-01-01 11:44:00,392.22,402.05,401.25,21.48,22.19,21.27,61.55,2.12,3.37,2.16,Normal
2025-01-01 11:45:00,403.03,398.79,405.23,21.89,21.46,19.5,59.73,2.35,2.83,1.76,Normal
2025-01-01 11:46:00,393.6,403.36,400.72,21.03,22.96,22.53,61.24,3.29,2.6,2.47,Normal
2025-01-01 11:47:00,408.77,409.5,400.12,22.87,21.04,21.82,62.14,2.48,2.7,2.3,Normal
2025-01-01 11:48:00,389.59,399.34,398.24,21.91,22.44,20.71,65.01,2.14,3.21,1.6,Normal
2025-01-01 11:49:00,408.48,395.13,407.82,21.49,21.42,23.35,61.52,2.06,2.06,1.68,Normal
2025-01-01 11:50:00,401.06,405.54,395.91,19.99,20.81,21.51,64.25,2.67,2.44,1.69,Normal
2025-01-01 11:51:00,399.52,399.4,407.66,20.07,21.98,20.35,64.97,1.83,2.27,2.2,Normal
2025-01-01 11:52:00,397.28,389.14,402.5,21.64,21.76,22.21,65.0,2.38,1.92,1.61,Normal
2025-01-01 11:53:00,402.0,404.24,393.0,19.19,21.68,21.72,62.71,2.67,2.34,1.9,Normal
2025-01-01 11:54:00,399.81,397.32,401.84,22.3,21.37,21.68,58.22,3.15,3.05,2.14,Normal
2025-01-01 11:55:00,405.52,399.55,389.5,21.09,21.21,20.83,63.08,2.83,2.78,1.98,Normal
2025-01-01 11:56:00,400.57,401.66,403.13,24.46,23.61,21.67,64.26,2.14,2.82,2.08,Normal
2025-01-01 11:57:00,400.75,400.95,404.43,23.49,22.37,20.92,62.02,3.09,2.57,1.68,Normal
2025-01-01 11:58:00,398.18,403.55,397.04,20.97,21.87,21.71,65.68,2.35,2.76,2.18,Normal
2025-01-01 11:59:00,399.72,397.82,400.62,21.01,21.23,19.21,63.92,1.88,2.1,1.82,Normal
2025-01-01 12:00:00,401.54,402.57,409.77,22.07,22.09,20.65,63.34,2.41,2.35,1.9,Normal
2025-01-01 12:01:00,391.45,398.7,397.47,22.75,21.56,22.77,64.39,3.22,2.6,2.07,Normal
2025-01-01 12:02:00,393.26,403.69,394.71,19.37,21.03,20.24,62.89,2.58,2.64,2.03,Normal
2025-01-01 12:03:00,403.72,403.08,407.41,19.19,20.67,20.37,57.25,2.51,2.66,2.01,Normal
2025-01-01 12:04:00,400.85,395.32,409.81,20.31,20.86,20.49,61.25,3.32,2.43,1.77,Normal
2025-01-01 12:05:00,399.08,405.43,400.02,21.48,17.73,19.69,64.65,1.78,2.31,1.91,Normal
2025-01-01 12:06:00,400.09,397.32,405.06,21.36,21.08,18.66,60.65,1.86,4.08,2.0,Normal
2025-01-01 12:07:00,401.74,404.04,406.71,21.9,20.34,20.6,61.83,1.69,2.95,1.59,Normal
2025-01-01 12:08:00,397.3,401.84,396.29,19.59,22.39,20.93,60.2,2.69,2.71,1.86,Normal
2025-01-01 12:09:00,396.11,409.19,397.57,18.44,20.78,20.7,65.87,2.58,2.38,2.12,Normal
2025-01-01 12:10:00,400.98,398.88,406.15,21.58,19.53,20.57,65.67,3.27,2.27,1.62,Normal
2025-01-01 12:11:00,395.11,398.25,408.43,19.85,20.63,20.73,60.55,2.62,2.43,2.35,Normal
2025-01-01 12:12:00,402.04,399.9,402.81,18.63,19.6,21.67,62.62,2.3,2.65,2.38,Normal
2025-01-01 12:13:00,391.49,398.48,395.6,20.75,21.08,20.42,60.98,2.5,1.56,1.63,Normal
2025-01-01 12:14:00,405.15,404.0,409.94,21.37,20.86,20.0,63.58,2.56,1.72,2.41,Normal
2025-01-01 12:15:00,402.36,391.92,397.35,20.41,21.49,20.25,63.38,1.66,2.18,1.96,Normal
2025-01-01 12:16:00,401.28,394.73,398.32,20.04,19.71,21.08,63.99,3.86,2.6,2.13,Warning
2025-01-01 12:17:00,404.91,394.66,401.71,20.3,20.49,21.87,63.04,2.76,2.38,1.85,Normal
2025-01-01 12:18:00,408.33,404.75,407.77,20.05,19.06,19.79,68.26,2.61,3.24,2.28,Normal
2025-01-01 12:19:00,405.07,408.55,404.27,19.04,21.09,20.48,60.34,2.81,1.76,2.12,Normal
2025-01-01 12:20:00,390.8,399.48,402.07,19.63,20.87,20.69,58.99,2.85,2.12,1.76,Normal
2025-01-01 12:21:00,393.6,399.16,402.32,20.83,20.81,19.32,61.63,2.43,3.26,1.65,Normal
2025-01-01 12:22:00,396.88,400.35,400.22,20.59,20.27,20.29,59.29,2.18,2.57,1.56,Normal
2025-01-01 12:23:00,400.13,405.81,402.79,20.4,20.65,18.77,59.45,2.8,2.94,2.06,Normal
2025-01-01 12:24:00,402.59,395.36,387.35,19.2,21.8,18.43,60.44,2.69,3.53,2.17,Normal
2025-01-01 12:25:00,396.37,401.19,398.52,19.98,19.88,20.53,60.61,2.1,2.15,2.2,Normal
2025-01-01 12:26:00,400.93,404.88,401.21,17.95,20.26,19.74,60.56,3.21,2.45,1.96,Normal
2025-01-01 12:27:00,396.22,402.51,394.24,20.26,19.0,20.29,63.51,2.65,2.36,1.65,Normal
2025-01-01 12:28:00,396.94,400.95,401.93,21.48,19.18,20.03,61.48,2.86,1.52,1.8,Normal
2025-01-01 12:29:00,392.97,405.01,398.98,18.54,20.11,19.03,62.14,3.2,2.34,2.35,Normal
2025-01-01 12:30:00,395.38,386.48,408.78,19.39,21.08,19.93,64.3,2.51,2.94,1.85,Normal
2025-01-01 12:31:00,393.24,403.39,407.87,20.26,19.68,18.7,60.98,2.66,2.77,2.04,Normal
2025-01-01 12:32:00,395.12,396.73,397.67,21.15,19.66,21.29,62.0,2.91,2.81,1.68,Normal
2025-01-01 12:33:00,405.27,390.85,399.25,19.41,19.45,18.5,63.27,2.14,2.31,2.1,Normal
2025-01-01 12:34:00,395.25,402.56,399.63,19.13,19.29,19.63,58.66,2.53,2.17,1.86,Normal
2025-01-01 12:35:00,413.16,406.87,397.74,17.81,20.08,18.74,57.79,2.56,3.13,2.31,Normal
2025-01-01 12:36:00,402.47,399.31,400.98,19.85,18.25,20.32,63.26,2.02,2.25,2.23,Normal
2025-01-01 12:37:00,400.92,404.76,396.21,21.75,20.99,19.38,63.56,3.66,2.65,1.85,Warning
2025-01-01 12:38:00,395.71,408.06,394.35,19.95,19.01,19.15,66.72,1.8,2.58,1.96,Normal
2025-01-01 12:39:00,403.5,406.57,403.11,19.61,20.35,20.49,62.91,1.85,3.23,1.83,Normal
2025-01-01 12:40:00,397.12,408.2,403.15,19.92,18.33,19.62,64.25,3.16,2.99,1.57,Normal
2025-01-01 12:41:00,400.61,403.71,395.98,19.55,20.23,20.07,62.23,2.86,1.85,1.74,Normal
2025-01-01 12:42:00,412.8,400.38,404.48,18.71,20.19,18.54,63.22,1.99,1.91,2.06,Normal
2025-01-01 12:43:00,399.52,391.99,396.84,20.31,19.87,18.08,65.97,2.8,2.79,2.1,Normal
2025-01-01 12:44:00,405.75,398.77,401.27,19.67,18.45,19.55,58.4,3.23,2.47,2.04,Normal
2025-01-01 12:45:00,396.48,395.78,404.1,19.43,19.66,19.09,63.48,2.48,2.27,1.91,Normal
2025-01-01 12:46:00,399.83,410.85,399.83,18.4,18.19,20.0,66.94,3.8,3.01,2.28,Warning
2025-01-01 12:47:00,408.85,399.12,402.27,20.64,19.08,19.26,63.24,1.64,2.59,2.02,Normal
2025-01-01 12:48:00,396.87,400.62,397.42,19.96,20.33,19.5,65.99,2.85,2.53,2.21,Normal
2025-01-01 12:49:00,409.06,402.76,399.02,18.71,20.06,17.64,61.44,3.08,2.89,1.47,Normal
2025-01-01 12:50:00,403.54,400.22,398.97,20.23,19.24,21.11,62.64,2.95,2.31,0.82,Normal
2025-01-01 12:51:00,397.19,408.48,396.27,18.69,18.21,19.03,62.78,2.4,3.28,2.09,Normal
2025-01-01 12:52:00,403.16,396.89,399.12,18.37,19.8,19.85,58.29,2.35,2.11,1.57,Normal
2025-01-01 12:53:00,404.86,400.97,392.26,18.36,19.14,18.28,60.4,2.72,2.83,1.94,Normal
2025-01-01 12:54:00,403.11,396.29,397.54,17.31,16.76,19.39,60.55,2.91,3.22,1.91,Normal
2025-01-01 12:55:00,392.15,393.4,398.58,19.52,19.83,17.74,64.4,2.8,1.81,2.48,Normal
2025-01-01 12:56:00,396.36,396.94,398.72,17.18,18.99,19.46,64.51,3.02,2.33,2.12,Normal
2025-01-01 12:57:00,398.76,399.81,398.79,17.75,20.18,18.62,63.43,1.99,3.07,2.05,Normal
2025-01-01 12:58:00,399.63,397.85,399.69,16.86,17.84,18.97,64.44,2.39,3.08,2.25,Normal
2025-01-01 12:59:00,403.1,396.54,402.4,18.82,15.73,19.6,62.47,2.03,2.41,2.11,Normal
2025-01-01 13:00:00,400.89,392.97,404.37,18.72,19.15,17.64,65.21,2.31,2.13,1.86,Normal
2025-01-01 13:01:00,393.32,399.58,396.75,18.51,19.13,18.15,62.84,3.01,2.98,2.32,Normal
2025-01-01 13:02:00,401.9,392.48,393.98,17.76,17.11,19.26,62.94,2.55,3.09,1.67,Normal
2025-01-01 13:03:00,403.05,403.8,394.79,17.59,17.79,20.86,62.31,3.8,1.92,2.1,Warning
2025-01-01 13:04:00,402.8,400.41,397.56,19.19,21.49,18.59,64.22,2.6,1.9,1.54,Normal
2025-01-01 13:05:00,405.4,392.71,398.24,18.15,18.39,19.29,62.02,2.53,2.61,2.06,Normal
2025-01-01 13:06:00,404.17,398.45,396.15,18.98,19.39,18.56,64.82,2.55,2.81,2.06,Normal
2025-01-01 13:07:00,402.3,396.24,393.52,17.74,17.98,20.57,60.61,2.18,2.35,2.5,Normal
2025-01-01 13:08:00,399.65,401.6,397.72,18.78,16.5,16.85,60.69,2.47,2.84,1.53,Normal
2025-01-01 13:09:00,391.7,406.7,400.91,19.86,18.39,18.66,64.27,3.06,2.14,1.82,Normal
2025-01-01 13:10:00,402.15,390.62,402.98,19.11,18.26,16.9,62.73,2.56,1.44,2.25,Normal
2025-01-01 13:11:00,401.04,400.58,397.21,18.08,18.1,15.99,62.01,2.1,2.29,2.1,Normal
2025-01-01 13:12:00,401.36,399.2,397.94,18.72,18.35,18.76,64.71,2.04,2.53,2.05,Normal
2025-01-01 13:13:00,393.62,403.36,395.37,18.19,18.7,18.57,61.72,2.27,2.36,1.71,Normal
2025-01-01 13:14:00,394.59,401.07,399.84,18.41,18.25,18.11,62.55,2.54,1.92,1.82,Normal
2025-01-01 13:15:00,405.27,396.24,395.76,18.04,17.1,18.26,65.76,3.1,1.59,2.37,Normal
2025-01-01 13:16:00,399.8,398.4,402.87,18.17,18.82,21.43,66.05,1.83,2.24,1.98,Normal
2025-01-01 13:17:00,403.41,396.02,391.07,18.52,16.36,18.05,66.12,2.34,2.95,2.11,Normal
2025-01-01 13:18:00,400.14,405.38,398.2,17.28,16.22,18.78,62.42,2.57,3.13,1.97,Normal
2025-01-01 13:19:00,400.15,400.11,401.51,17.23,18.98,17.59,65.46,1.58,3.09,1.65,Normal
2025-01-01 13:20:00,404.69,409.51,400.92,16.82,18.72,18.51,61.11,2.08,2.09,2.28,Normal
2025-01-01 13:21:00,397.42,399.7,413.47,16.58,18.12,17.94,61.24,2.17,1.93,2.15,Normal
2025-01-01 13:22:00,400.48,396.46,401.75,16.93,16.76,17.74,58.41,2.12,2.76,2.69,Normal
2025-01-01 13:23:00,397.69,392.43,394.98,18.28,17.41,19.94,66.5,2.63,2.84,1.7,Normal
2025-01-01 13:24:00,397.83,390.98,399.52,17.2,17.83,19.27,61.48,2.46,2.73,2.25,Normal
2025-01-01 13:25:00,398.45,392.08,391.12,18.58,16.47,18.2,63.01,2.27,1.53,1.61,Normal
2025-01-01 13:26:00,401.11,401.34,399.6,18.07,17.3,15.73,61.49,2.77,2.11,2.05,Normal
2025-01-01 13:27:00,397.61,402.54,395.83,16.04,18.66,17.65,64.75,3.43,2.54,2.29,Normal
2025-01-01 13:28:00,406.28,392.09,404.58,18.63,19.41,20.68,62.66,3.4,2.8,1.38,Normal
2025-01-01 13:29:00,395.53,404.48,397.25,18.76,17.53,17.72,60.85,1.63,2.95,1.94,Normal
2025-01-01 13:30:00,399.07,397.58,399.42,16.93,18.68,19.03,64.39,2.89,2.65,1.83,Normal
2025-01-01 13:31:00,397.8,400.73,396.82,18.32,15.98,19.34,60.69,2.52,2.75,1.79,Normal
2025-01-01 13:32:00,407.23,408.06,408.69,17.01,18.53,18.09,61.94,2.7,2.63,2.12,Normal
2025-01-01 13:33:00,400.98,404.48,398.39,17.94,17.04,17.0,59.45,2.43,2.94,2.34,Normal
2025-01-01 13:34:00,405.16,398.66,409.16,16.55,18.13,15.38,60.86,2.7,2.76,1.96,Normal
2025-01-01 13:35:00,392.57,395.54,404.07,16.0,17.54,18.48,64.12,2.73,2.65,2.06,Normal
2025-01-01 13:36:00,401.34,389.24,402.41,17.38,19.09,16.95,59.88,2.37,2.49,2.03,Normal
2025-01-01 13:37:00,404.45,396.4,401.84,17.62,16.87,17.92,60.9,2.22,2.67,2.0,Normal
2025-01-01 13:38:00,400.41,398.94,401.97,17.32,18.34,16.47,63.91,2.46,2.88,1.67,Normal
2025-01-01 13:39:00,405.33,395.06,390.36,16.51,17.41,17.43,62.87,2.81,2.78,2.33,Normal
2025-01-01 13:40:00,397.41,399.34,398.61,17.27,17.51,17.7,68.0,3.0,2.84,2.09,Normal
2025-01-01 13:41:00,407.05,400.38,404.23,17.91,17.46,17.91,67.73,3.14,3.33,2.12,Normal
2025-01-01 13:42:00,411.49,398.88,399.76,17.58,16.78,16.51,62.38,2.47,2.8,1.76,Normal
2025-01-01 13:43:00,398.19,396.75,392.97,17.78,17.59,18.8,65.28,2.87,2.35,1.86,Normal
2025-01-01 13:44:00,397.77,400.84,399.74,16.91,17.51,16.98,65.71,3.22,3.12,1.95,Normal
2025-01-01 13:45:00,407.27,402.21,408.52,18.73,17.8,15.88,63.07,3.33,2.01,1.54,Normal
2025-01-01 13:46:00,407.9,394.55,406.23,16.36,17.62,17.42,61.32,2.73,2.16,1.49,Normal
2025-01-01 13:47:00,397.39,407.05,399.69,18.0,18.31,17.55,64.34,2.66,2.87,1.82,Normal
2025-01-01 13:48:00,397.9,399.51,404.76,18.67,18.41,17.65,64.07,2.88,2.97,2.16,Normal
2025-01-01 13:49:00,398.59,400.09,398.17,17.95,16.42,18.83,63.59,2.22,2.1,1.8,Normal
2025-01-01 13:50:00,393.28,403.54,391.48,17.25,18.32,17.21,65.4,2.7,2.53,1.69,Normal
2025-01-01 13:51:00,395.41,401.17,395.38,16.9,16.24,17.31,63.06,3.18,2.43,1.76,Normal
2025-01-01 13:52:00,394.98,404.77,407.81,18.45,18.0,16.31,62.31,3.14,2.5,1.86,Normal
2025-01-01 13:53:00,396.16,401.44,398.63,15.97,18.01,18.21,64.88,2.7,3.22,1.89,Normal
2025-01-01 13:54:00,399.83,396.94,398.78,16.4,15.46,17.56,65.49,2.95,3.11,2.65,Normal
2025-01-01 13:55:00,401.17,401.81,398.5,16.96,17.45,16.94,62.41,2.44,2.75,2.32,Normal
2025-01-01 13:56:00,407.75,394.28,409.52,18.58,16.87,15.43,66.67,3.21,2.5,2.31,Normal
2025-01-01 13:57:00,395.01,400.54,408.13,17.7,16.56,18.77,61.32,2.83,2.1,2.35,Normal
2025-01-01 13:58:00,404.92,399.83,411.09,16.34,18.66,16.08,63.76,2.74,3.5,1.7,Normal
2025-01-01 13:59:00,398.93,398.96,399.2,16.98,16.63,16.7,64.45,2.71,3.09,1.63,Normal
2025-01-01 14:00:00,399.75,399.36,401.48,16.66,16.47,17.63,63.74,2.87,2.45,1.67,Normal
2025-01-01 14:01:00,403.37,390.59,392.42,16.55,17.33,16.06,63.94,2.69,3.17,2.4,Normal
2025-01-01 14:02:00,394.39,397.26,407.38,18.22,17.93,15.75,68.86,3.25,2.78,1.84,Normal
2025-01-01 14:03:00,401.91,400.46,394.16,15.86,17.09,15.1,63.47,2.73,2.68,1.62,Normal
2025-01-01 14:04:00,400.83,400.8,401.08,18.82,18.38,17.93,70.1,3.74,3.05,1.87,Warning
2025-01-01 14:05:00,402.46,394.86,394.51,18.03,17.73,16.65,66.14,3.68,2.47,1.93,Warning
2025-01-01 14:06:00,401.45,406.33,397.06,18.28,15.01,20.11,65.5,2.52,2.67,2.08,Normal
2025-01-01 14:07:00,412.28,395.67,395.81,16.71,16.64,16.18,66.32,3.01,2.92,2.08,Normal
2025-01-01 14:08:00,396.81,404.85,396.96,17.01,16.6,16.24,70.48,2.66,2.61,1.75,Warning
2025-01-01 14:09:00,397.35,402.14,397.3,15.72,17.63,16.58,63.48,2.83,3.2,2.21,Normal
2025-01-01 14:10:00,396.88,396.77,397.26,16.61,14.51,17.38,63.28,4.0,3.81,1.81,Warning
2025-01-01 14:11:00,397.22,408.88,404.17,17.62,19.68,16.66,64.06,2.86,2.51,1.95,Normal
2025-01-01 14:12:00,396.81,394.03,394.48,18.41,17.65,17.73,65.68,3.2,2.06,2.21,Normal
2025-01-01 14:13:00,405.95,404.6,401.1,16.0,17.25,16.13,62.22,3.3,1.9,1.81,Normal
2025-01-01 14:14:00,407.1,405.0,406.09,16.73,18.28,15.71,65.76,2.54,2.83,1.83,Normal
2025-01-01 14:15:00,397.15,396.65,397.43,16.94,19.43,15.29,69.16,2.63,2.58,2.18,Normal
2025-01-01 14:16:00,395.84,406.96,396.41,15.68,17.95,14.85,66.12,2.46,3.03,1.74,Normal
2025-01-01 14:17:00,402.36,398.75,398.85,17.66,18.02,16.55,65.28,2.63,3.0,1.88,Normal
2025-01-01 14:18:00,397.24,401.44,405.9,16.34,17.19,16.76,64.68,1.66,2.14,2.17,Normal
2025-01-01 14:19:00,403.16,401.3,400.97,16.86,16.91,16.42,67.77,3.37,2.04,2.62,Normal
2025-01-01 14:20:00,401.01,399.33,397.34,16.6,16.57,18.29,64.37,4.13,3.1,2.18,Warning
2025-01-01 14:21:00,392.42,404.05,402.42,16.25,16.21,18.27,69.76,3.19,3.03,2.14,Normal
2025-01-01 14:22:00,407.74,403.97,394.49,17.03,16.35,16.7,69.99,2.41,2.75,2.16,Normal
2025-01-01 14:23:00,408.98,391.26,403.41,16.81,15.68,15.24,66.68,2.81,2.15,1.68,Normal
2025-01-01 14:24:00,396.94,406.52,402.04,16.65,16.95,16.46,66.2,2.91,3.22,2.03,Normal
2025-01-01 14:25:00,398.06,391.69,398.46,16.29,15.34,16.42,68.33,2.64,3.63,1.99,Normal
2025-01-01 14:26:00,401.43,405.16,395.81,17.34,17.21,16.36,68.51,3.59,3.14,2.1,Warning
2025-01-01 14:27:00,401.67,405.63,395.57,18.67,16.98,16.31,64.76,3.58,2.58,2.03,Warning
2025-01-01 14:28:00,403.29,394.55,402.67,17.15,17.16,16.36,65.37,2.61,3.03,2.11,Normal
2025-01-01 14:29:00,410.05,397.95,406.14,18.0,16.48,16.62,63.83,3.56,2.34,1.91,Warning
2025-01-01 14:30:00,399.12,394.47,396.81,15.61,20.08,16.37,67.34,3.97,3.56,2.02,Warning
2025-01-01 14:31:00,396.01,398.93,402.29,17.16,18.36,17.21,67.91,4.16,3.08,1.63,Warning
2025-01-01 14:32:00,393.1,398.46,389.56,15.9,15.76,17.36,63.92,4.66,2.16,1.9,Warning
2025-01-01 14:33:00,396.35,403.9,397.08,15.52,17.23,16.09,65.76,2.78,2.9,2.42,Normal
2025-01-01 14:34:00,399.83,406.55,399.84,16.26,16.39,18.27,64.03,4.66,3.29,2.1,Warning
2025-01-01 14:35:00,408.97,406.98,395.45,18.19,15.99,16.02,64.98,3.08,2.9,1.99,Normal
2025-01-01 14:36:00,397.41,397.19,395.32,17.95,15.66,15.38,67.93,2.97,2.93,2.57,Normal
2025-01-01 14:37:00,401.12,398.95,396.66,17.24,17.43,17.38,65.41,3.44,2.47,1.59,Normal
2025-01-01 14:38:00,399.92,391.58,401.46,15.47,16.32,16.19,66.32,2.99,3.37,1.67,Normal
2025-01-01 14:39:00,405.94,395.97,399.06,16.81,17.97,17.33,63.72,3.49,2.77,2.51,Normal
2025-01-01 14:40:00,412.63,404.82,388.81,17.31,18.0,14.6,67.4,2.64,2.02,2.01,Normal
2025-01-01 14:41:00,397.35,408.08,389.4,17.19,18.39,18.4,66.99,3.19,2.92,1.93,Normal
2025-01-01 14:42:00,397.55,393.83,396.97,15.17,16.16,17.69,65.67,3.97,3.61,1.64,Warning
2025-01-01 14:43:00,405.22,397.04,402.29,16.13,17.49,15.52,66.8,3.31,2.93,2.13,Normal
2025-01-01 14:44:00,403.41,399.87,386.26,16.96,17.66,15.54,67.59,3.42,4.0,2.16,Normal
2025-01-01 14:45:00,409.23,401.4,397.5,17.56,16.55,18.7,65.65,3.59,3.36,1.67,Warning
2025-01-01 14:46:00,402.92,395.95,397.37,14.84,16.26,16.3,64.37,3.95,3.32,1.96,Warning
2025-01-01 14:47:00,398.2,402.12,406.94,16.88,18.65,16.21,70.99,2.55,3.09,1.9,Warning
2025-01-01 14:48:00,402.95,397.63,398.07,17.19,17.27,14.78,66.16,3.68,3.13,2.08,Warning
2025-01-01 14:49:00,405.54,399.93,401.91,17.9,17.69,16.7,67.28,3.26,3.04,1.66,Normal
2025-01-01 14:50:00,404.1,402.73,400.71,17.75,16.24,16.83,69.55,3.49,3.03,2.38,Normal
2025-01-01 14:51:00,402.54,400.03,389.35,17.65,15.85,17.78,74.64,3.94,3.45,2.27,Warning
2025-01-01 14:52:00,405.33,397.82,403.84,16.28,16.51,15.68,65.14,2.83,2.73,1.89,Normal
2025-01-01 14:53:00,405.85,399.45,401.08,15.18,16.96,15.56,68.58,2.93,2.66,1.94,Normal
2025-01-01 14:54:00,406.91,399.56,402.54,16.7,16.03,17.54,66.31,2.48,2.65,1.96,Normal
2025-01-01 14:55:00,403.24,398.15,419.63,18.1,17.09,18.11,66.7,3.18,4.24,1.77,Normal
2025-01-01 14:56:00,399.16,398.71,389.58,18.51,15.42,15.54,66.39,4.13,3.49,1.87,Warning
2025-01-01 14:57:00,400.73,407.99,408.62,17.83,16.0,18.2,65.63,3.41,3.38,1.92,Normal
2025-01-01 14:58:00,406.03,402.8,398.56,17.56,17.81,17.17,67.85,2.81,2.71,2.48,Normal
2025-01-01 14:59:00,395.92,398.52,401.44,17.53,17.75,18.24,65.03,3.25,3.56,2.28,Normal
2025-01-01 15:00:00,401.84,403.48,399.77,16.6,16.77,17.09,69.92,2.76,3.2,2.28,Normal
2025-01-01 15:01:00,398.03,398.33,397.88,17.04,16.15,14.65,68.19,2.95,3.37,2.11,Normal
2025-01-01 15:02:00,400.14,405.87,397.15,18.85,16.16,17.03,68.97,3.72,2.78,1.66,Warning
2025-01-01 15:03:00,406.39,401.85,401.65,16.25,16.82,18.26,67.25,2.95,3.36,1.99,Normal
2025-01-01 15:04:00,400.96,399.46,392.41,18.82,17.85,16.32,67.5,4.1,3.07,2.29,Warning
2025-01-01 15:05:00,400.23,402.24,403.75,16.9,18.15,16.84,68.86,3.52,2.91,1.62,Warning
2025-01-01 15:06:00,393.2,392.15,397.92,18.56,16.74,17.06,66.0,3.61,3.67,2.19,Warning
2025-01-01 15:07:00,403.73,394.37,394.35,15.85,16.1,14.35,67.66,3.44,2.54,2.7,Normal
2025-01-01 15:08:00,403.23,394.03,397.75,17.85,17.54,18.94,66.71,3.97,3.6,2.32,Warning
2025-01-01 15:09:00,410.82,400.71,406.29,16.55,16.46,16.38,66.7,3.99,3.66,2.42,Warning
2025-01-01 15:10:00,398.46,408.66,397.32,15.89,16.78,17.81,64.31,3.77,2.89,2.07,Warning
2025-01-01 15:11:00,401.1,411.16,401.79,17.54,18.64,17.23,71.26,3.9,2.93,2.29,Warning
2025-01-01 15:12:00,401.25,403.19,396.35,18.34,18.16,18.59,67.26,3.52,3.23,1.78,Warning
2025-01-01 15:13:00,407.89,402.5,403.79,16.51,17.51,17.76,71.01,3.91,3.49,2.24,Warning
2025-01-01 15:14:00,399.52,390.99,403.43,15.87,16.1,17.13,70.87,3.48,3.28,2.2,Warning
2025-01-01 15:15:00,401.4,397.29,409.24,17.3,17.6,16.49,66.21,3.66,3.58,2.09,Warning
2025-01-01 15:16:00,403.04,396.06,399.12,17.32,18.47,18.2,66.66,3.53,4.26,2.39,Warning
2025-01-01 15:17:00,400.93,396.9,403.34,17.97,17.05,15.55,74.0,3.45,3.13,1.84,Warning
2025-01-01 15:18:00,397.77,399.16,400.49,18.4,18.8,18.09,72.43,3.34,2.53,1.94,Warning
2025-01-01 15:19:00,400.97,397.64,406.48,17.41,18.76,16.37,68.92,3.93,3.81,2.03,Warning
2025-01-01 15:20:00,405.37,390.1,396.41,19.34,19.15,18.74,69.55,4.36,4.25,1.69,Warning
2025-01-01 15:21:00,394.87,403.74,403.73,17.73,17.81,17.67,67.82,4.3,3.61,2.07,Warning
2025-01-01 15:22:00,400.66,394.64,399.03,17.18,18.12,18.17,70.0,3.1,2.88,1.48,Warning
2025-01-01 15:23:00,396.5,401.2,399.68,15.94,18.96,17.63,67.75,4.38,3.37,2.31,Warning
2025-01-01 15:24:00,405.98,410.37,400.46,17.31,18.02,15.82,65.17,3.59,2.88,2.01,Warning
2025-01-01 15:25:00,392.38,395.4,401.26,17.26,17.09,16.73,66.64,4.06,3.76,1.84,Warning
2025-01-01 15:26:00,397.21,387.35,399.42,18.58,17.17,18.29,69.38,3.31,2.77,1.75,Normal
2025-01-01 15:27:00,401.89,398.57,401.07,18.1,17.88,17.81,67.12,3.85,3.31,1.93,Warning
2025-01-01 15:28:00,407.83,405.5,407.89,16.48,16.37,18.84,69.3,3.94,2.96,2.21,Warning
2025-01-01 15:29:00,399.67,409.79,404.93,17.86,17.54,18.09,67.34,3.05,3.54,2.16,Normal
2025-01-01 15:30:00,397.22,393.85,404.35,18.38,18.81,16.74,67.97,4.11,3.3,1.79,Warning
2025-01-01 15:31:00,409.41,402.48,397.72,19.26,15.54,16.94,71.29,4.49,3.58,1.75,Warning
2025-01-01 15:32:00,392.76,397.67,395.55,18.65,19.29,17.86,70.13,3.74,3.51,2.2,Warning
2025-01-01 15:33:00,389.01,399.47,404.78,18.55,18.91,15.47,69.67,4.52,3.01,1.78,Warning
2025-01-01 15:34:00,402.2,413.22,404.38,17.87,17.35,19.48,71.49,3.75,3.82,2.02,Warning
2025-01-01 15:35:00,397.49,392.49,407.36,18.23,18.38,18.28,70.75,4.28,3.49,2.04,Warning
2025-01-01 15:36:00,394.89,401.27,396.98,19.11,17.87,19.09,72.73,2.76,3.03,2.09,Warning
2025-01-01 15:37:00,403.54,402.34,398.85,16.56,19.12,16.31,68.97,5.09,4.65,2.26,Critical
2025-01-01 15:38:00,401.22,405.43,391.8,17.57,18.9,19.16,69.08,4.63,3.78,1.62,Warning
2025-01-01 15:39:00,397.18,400.49,398.04,17.17,16.54,20.18,67.39,3.75,3.47,1.43,Warning
2025-01-01 15:40:00,393.6,401.54,404.98,18.35,18.56,16.65,69.18,2.92,4.26,1.83,Normal
2025-01-01 15:41:00,404.36,398.04,397.67,19.23,17.79,18.77,72.02,4.06,4.48,2.54,Warning
2025-01-01 15:42:00,403.25,401.35,403.2,17.43,18.11,18.03,72.74,3.21,3.5,2.61,Warning
2025-01-01 15:43:00,399.5,398.28,399.05,15.67,17.33,16.51,72.11,4.16,3.75,2.55,Warning
2025-01-01 15:44:00,409.23,403.11,401.62,17.67,19.83,18.58,66.65,4.15,3.09,1.94,Warning
2025-01-01 15:45:00,394.65,398.15,394.26,19.03,19.16,18.95,72.45,3.49,3.52,1.47,Warning
2025-01-01 15:46:00,392.37,401.89,400.43,18.68,17.41,17.54,66.66,4.53,3.5,1.3,Warning
2025-01-01 15:47:00,396.54,399.85,385.04,18.6,16.84,19.34,72.19,4.38,3.7,1.82,Warning
2025-01-01 15:48:00,399.77,405.63,399.07,17.92,17.82,16.54,69.7,4.48,3.78,1.94,Warning
2025-01-01 15:49:00,401.22,399.74,391.85,16.96,18.67,16.74,71.89,4.0,3.9,2.39,Warning
2025-01-01 15:50:00,398.79,391.13,406.03,18.78,18.51,18.4,67.87,3.3,3.75,2.26,Normal
2025-01-01 15:51:00,401.76,406.31,403.89,17.46,19.55,18.32,72.93,4.51,3.03,2.07,Warning
2025-01-01 15:52:00,393.74,395.47,402.33,20.51,19.12,17.61,67.71,3.89,3.18,1.73,Warning
2025-01-01 15:53:00,407.22,396.73,407.61,18.93,19.33,19.17,69.35,3.34,3.38,1.71,Normal
2025-01-01 15:54:00,399.59,397.02,395.26,17.81,18.72,18.92,68.74,4.72,3.52,2.08,Warning
2025-01-01 15:55:00,405.59,406.87,408.74,17.81,17.03,19.28,67.28,5.11,4.19,2.21,Critical
2025-01-01 15:56:00,401.71,389.32,404.66,18.36,18.26,18.33,71.03,4.05,3.09,2.12,Warning
2025-01-01 15:57:00,402.28,415.69,398.82,18.25,19.55,19.09,74.5,5.16,3.5,1.69,Warning
2025-01-01 15:58:00,402.85,405.28,405.68,19.64,18.47,18.07,76.28,4.13,4.17,2.2,Warning
2025-01-01 15:59:00,402.24,401.12,394.47,18.74,19.06,20.61,71.19,3.91,3.55,2.13,Warning
2025-01-01 16:00:00,403.21,399.73,395.88,17.85,18.27,17.77,73.28,3.79,3.94,1.68,Warning
2025-01-01 16:01:00,406.65,401.43,396.96,20.51,17.59,20.73,71.56,4.94,3.64,1.76,Warning
2025-01-01 16:02:00,400.98,402.61,397.36,18.7,18.53,18.69,72.14,3.74,3.85,2.21,Warning
2025-01-01 16:03:00,403.55,403.23,394.72,19.46,19.0,17.31,70.51,4.51,3.61,1.93,Warning
2025-01-01 16:04:00,399.55,402.78,406.12,18.11,18.07,20.09,71.63,3.87,4.07,2.48,Warning
2025-01-01 16:05:00,407.2,400.45,398.71,19.12,18.52,18.88,72.37,3.93,2.97,2.15,Warning
2025-01-01 16:06:00,396.62,399.01,401.76,19.1,17.85,19.64,70.19,4.68,3.57,1.85,Warning
2025-01-01 16:07:00,409.0,399.24,397.15,16.94,19.94,20.05,71.24,3.99,3.91,2.0,Warning
2025-01-01 16:08:00,399.8,399.03,390.9,20.87,18.57,19.2,71.33,3.99,4.03,2.02,Warning
2025-01-01 16:09:00,392.85,405.67,401.35,20.19,20.35,18.3,73.15,4.76,4.52,1.78,Warning
2025-01-01 16:10:00,400.64,402.97,390.44,18.53,20.46,19.91,69.41,5.01,3.59,1.73,Critical
2025-01-01 16:11:00,396.59,385.3,399.66,17.86,18.88,18.97,71.49,4.54,4.53,2.21,Warning
2025-01-01 16:12:00,404.2,403.28,393.16,19.35,17.99,19.69,75.47,3.9,3.47,2.25,Warning
2025-01-01 16:13:00,396.74,400.97,409.94,19.12,16.95,16.88,74.02,3.98,4.47,2.18,Warning
2025-01-01 16:14:00,397.77,399.91,404.56,19.43,17.6,19.52,74.44,4.29,4.22,2.45,Warning
2025-01-01 16:15:00,390.55,398.06,400.53,19.3,17.73,18.47,71.84,4.42,3.36,1.84,Warning
2025-01-01 16:16:00,397.74,405.62,406.32,19.65,20.52,20.8,72.49,3.77,3.98,2.5,Warning
2025-01-01 16:17:00,387.88,404.74,395.77,20.63,19.3,19.8,73.9,4.64,3.81,1.73,Warning
2025-01-01 16:18:00,392.08,396.14,402.72,19.78,19.61,19.46,75.07,4.33,4.15,1.7,Warning
2025-01-01 16:19:00,403.8,402.04,401.0,18.2,17.03,19.74,68.09,3.44,3.74,1.47,Normal
2025-01-01 16:20:00,403.93,395.14,401.32,20.65,18.09,18.29,69.42,3.84,3.7,1.87,Warning
2025-01-01 16:21:00,402.13,393.1,406.36,20.97,20.21,20.95,74.72,4.07,4.55,1.85,Warning
2025-01-01 16:22:00,395.17,396.87,403.66,22.52,19.65,21.35,71.59,4.29,3.82,2.16,Warning
2025-01-01 16:23:00,399.76,404.31,401.44,18.28,19.25,19.79,70.85,5.28,4.29,2.07,Warning
2025-01-01 16:24:00,399.98,404.77,391.73,19.68,20.0,21.03,69.74,4.47,3.77,1.64,Warning
2025-01-01 16:25:00,394.21,402.57,395.2,17.39,21.11,18.91,71.19,3.94,4.73,1.88,Warning
2025-01-01 16:26:00,407.52,403.63,399.39,20.06,19.29,18.71,69.54,4.48,3.56,1.89,Warning
2025-01-01 16:27:00,404.39,402.58,400.47,19.0,19.62,19.59,76.58,4.2,3.6,1.47,Warning
2025-01-01 16:28:00,398.9,396.79,394.35,21.51,19.78,20.02,72.4,4.55,4.68,1.71,Warning
2025-01-01 16:29:00,400.13,402.16,412.06,18.85,22.02,19.23,72.38,4.69,3.7,1.77,Warning
2025-01-01 16:30:00,401.04,404.0,407.58,17.97,17.56,20.2,73.72,5.01,4.73,2.43,Warning
2025-01-01 16:31:00,389.79,403.77,403.01,19.23,20.38,20.01,74.52,4.41,4.39,2.06,Warning
2025-01-01 16:32:00,398.76,405.94,400.36,17.76,19.62,18.74,74.54,5.25,3.87,2.2,Warning
2025-01-01 16:33:00,396.59,403.54,398.94,20.52,20.34,20.29,74.85,4.89,3.05,1.55,Warning
2025-01-01 16:34:00,394.99,401.76,395.24,17.75,19.15,20.67,71.49,4.1,3.95,2.36,Warning
2025-01-01 16:35:00,398.59,405.35,400.39,19.88,19.8,20.02,72.2,5.56,4.02,2.39,Warning
2025-01-01 16:36:00,408.99,399.87,401.29,17.81,20.6,21.04,74.39,4.63,4.56,1.4,Warning
2025-01-01 16:37:00,403.2,395.59,393.79,19.6,23.04,18.71,71.84,4.06,4.78,1.79,Warning
2025-01-01 16:38:00,397.14,399.18,401.67,21.61,20.77,20.43,72.94,5.32,3.65,2.15,Warning
2025-01-01 16:39:00,402.86,396.28,399.22,20.36,19.15,18.83,73.8,5.54,4.4,2.19,Warning
